date,open,high,low,close,adjusted_close,volume
2023-07-10,295.54998779296875,298.1300048828125,287.04998779296875,294.1000061035156,291.539794921875,37058300
2023-07-11,293.8999938964844,300.17999267578125,291.8999938964844,298.2900085449219,295.693359375,27585900
2023-07-12,301.75,309.45001220703125,300.1000061035156,309.3399963378906,306.6471862792969,36677100
2023-07-13,313.6199951171875,316.239990234375,310.2900085449219,313.4100036621094,310.6817321777344,30281000
2023-07-14,311.7900085449219,314.8800048828125,307.3599853515625,308.8699951171875,306.18121337890625,23054100
2023-07-17,307.5400085449219,311.7099914550781,304.7099914550781,310.6199951171875,307.9160461425781,25323100
2023-07-18,310.8800048828125,314.20001220703125,307.6199951171875,312.04998779296875,309.33355712890625,20731900
2023-07-19,313.0299987792969,318.67999267578125,310.5199890136719,316.010009765625,313.2591247558594,21763700
2023-07-20,313.5,315.5400085449219,302.2200012207031,302.5199890136719,299.8865051269531,23836900
2023-07-21,304.57000732421875,305.4599914550781,291.20001220703125,294.260009765625,291.69842529296875,42139300
2023-07-24,295.7799987792969,297.5199890136719,288.29998779296875,291.6099853515625,289.0715026855469,24915700
2023-07-25,295.19000244140625,298.29998779296875,291.8599853515625,294.4700012207031,291.9066162109375,19585600
2023-07-26,301.19000244140625,301.7699890136719,291.8999938964844,298.57000732421875,295.970947265625,47256900
2023-07-27,325.1199951171875,325.3500061035156,309.8399963378906,311.7099914550781,308.9964904785156,64229200
2023-07-28,316.8800048828125,326.20001220703125,314.25,325.4800109863281,322.6466369628906,39220300
2023-07-31,323.69000244140625,325.6600036621094,317.5899963378906,318.6000061035156,315.8265686035156,25799600
2023-08-01,317.5400085449219,324.1400146484375,314.6600036621094,322.7099914550781,319.9007263183594,22817900
2023-08-02,318,318.3900146484375,310.6499938964844,314.30999755859375,311.5738525390625,20461100
2023-08-03,309.92999267578125,315.95001220703125,309.92999267578125,313.19000244140625,310.46368408203125,15180200
2023-08-04,314.9599914550781,318.4100036621094,310.20001220703125,310.7300109863281,308.0250549316406,17612800
2023-08-07,313.2300109863281,317.07000732421875,310.4599914550781,316.55999755859375,313.80426025390625,16236500
2023-08-08,314.3999938964844,317.8900146484375,310.1099853515625,312.6400146484375,309.9184875488281,15183500
2023-08-09,312.8800048828125,313.6300048828125,302.8500061035156,305.2099914550781,302.5531311035156,19955800
2023-08-10,307.94000244140625,312.3399963378906,303.8699951171875,305.739990234375,303.0785217285156,14358900
2023-08-11,302.57000732421875,304.7200012207031,300.3599853515625,301.6400146484375,299.01422119140625,14046300
2023-08-14,300.9800109863281,306.2099914550781,298.25,306.19000244140625,303.52459716796875,15641900
2023-08-15,306.1400146484375,307.2300109863281,300.0299987792969,301.95001220703125,299.32147216796875,11623600
2023-08-16,300.20001220703125,301.0799865722656,294.2799987792969,294.2900085449219,291.7282409667969,18547700
2023-08-17,293.04998779296875,296.04998779296875,284.95001220703125,285.0899963378906,282.6083068847656,23950100
2023-08-18,279.0299987792969,285.69000244140625,274.3800048828125,283.25,280.7843017578125,35347900
2023-08-21,283.45001220703125,290.5,281.8500061035156,289.8999938964844,287.3763122558594,20181500
2023-08-22,292.54998779296875,292.8999938964844,286.75,287.6000061035156,285.096435546875,12980200
2023-08-23,288.5,297.3999938964844,287.6700134277344,294.239990234375,291.6785888671875,18287000
2023-08-24,298.5,299.4599914550781,286.6400146484375,286.75,284.2537841796875,18360900
2023-08-25,286.1300048828125,288.3900146484375,276.0299987792969,285.5,283.0146789550781,23701400
2023-08-28,288,291.45001220703125,285.79998779296875,290.260009765625,287.7332458496094,14239300
2023-08-29,288.5799865722656,299.1499938964844,288.17999267578125,297.989990234375,295.39593505859375,20844500
2023-08-30,297.1700134277344,298.2900085449219,293.42999267578125,295.1000061035156,292.5311279296875,17717000
2023-08-31,295.79998779296875,301.1000061035156,295.6600036621094,295.8900146484375,293.3142395019531,17229900
2023-09-01,299.3699951171875,301.739990234375,294.4700012207031,296.3800048828125,293.7999267578125,12842300
2023-09-05,297.0199890136719,301.3900146484375,295.510009765625,300.1499938964844,297.537109375,14956000
2023-09-06,301.7099914550781,303.29998779296875,295.6600036621094,299.1700134277344,296.56573486328125,15418100
2023-09-07,298,307.04998779296875,292.2200012207031,298.6700134277344,296.07000732421875,33748700
2023-09-08,299.2200012207031,305.25,296.7799987792969,297.8900146484375,295.296875,17548000
2023-09-11,301.4100036621094,309.0400085449219,301.2799987792969,307.55999755859375,304.88262939453125,19489300
2023-09-12,306.3299865722656,308.6600036621094,300.2300109863281,301.6600036621094,299.0340270996094,13480400
2023-09-13,302.3599853515625,307.17999267578125,301.32000732421875,305.05999755859375,302.4044494628906,13210900
2023-09-14,306.739990234375,312.8699951171875,305.0299987792969,311.7200012207031,309.00640869140625,19343100
2023-09-15,311.6099853515625,312,298.75,300.30999755859375,297.6956787109375,28131100
2023-09-18,298.19000244140625,303.6000061035156,297.79998779296875,302.54998779296875,299.916259765625,14234200
2023-09-19,302.4800109863281,306.1700134277344,299.80999755859375,305.07000732421875,302.41436767578125,15924400
2023-09-20,305.04998779296875,308.05999755859375,299.42999267578125,299.6700134277344,297.06134033203125,19379500
2023-09-21,295.70001220703125,300.260009765625,293.2699890136719,295.7300109863281,293.1556396484375,21319600
2023-09-22,299.29998779296875,305.3800048828125,298.2699890136719,299.0799865722656,296.4764404296875,25369600
2023-09-25,295.6400146484375,300.95001220703125,293.70001220703125,300.8299865722656,298.211181640625,18987000
2023-09-26,297.6600036621094,300.29998779296875,296.010009765625,298.9599914550781,296.3575134277344,19417200
2023-09-27,300.45001220703125,301.29998779296875,286.7900085449219,297.739990234375,295.14813232421875,36429800
2023-09-28,298.94000244140625,306.3299865722656,296.70001220703125,303.9599914550781,301.3139953613281,22167100
2023-09-29,307.3800048828125,310.6400146484375,299.3599853515625,300.2099914550781,297.59661865234375,25373700
2023-10-02,302.739990234375,307.17999267578125,301.6300048828125,306.82000732421875,304.1491394042969,16265600
2023-10-03,304.260009765625,306.7699890136719,299.6400146484375,300.94000244140625,298.3202819824219,17362300
2023-10-04,298.7300109863281,306.8999938964844,298.5,305.5799865722656,302.9198913574219,16880500
2023-10-05,304.6300048828125,306.2099914550781,299.5,304.7900085449219,302.13671875,19130000
2023-10-06,301.44000244140625,316.30999755859375,300.9100036621094,315.42999267578125,312.68408203125,21803900
2023-10-09,312.5,320.3299865722656,311.82000732421875,318.3599853515625,315.588623046875,22503700
2023-10-10,319.1199951171875,324.6600036621094,318.1600036621094,321.8399963378906,319.038330078125,19038000
2023-10-11,323.010009765625,328.8399963378906,322.95001220703125,327.82000732421875,324.9662780761719,22036300
2023-10-12,328,330.5400085449219,322.69000244140625,324.1600036621094,321.338134765625,20530500
2023-10-13,323.5299987792969,325.04998779296875,312.3699951171875,314.69000244140625,311.9505920410156,21341000
2023-10-16,318.6400146484375,321.82000732421875,315.5199890136719,321.1499938964844,318.35430908203125,16536100
2023-10-17,318.17999267578125,324.3999938964844,317.29998779296875,324,321.1795349121094,16387800
2023-10-18,321.3900146484375,325.94000244140625,315.55999755859375,316.9700012207031,314.2107849121094,16851000
2023-10-19,319.8800048828125,321.8900146484375,311.75,312.80999755859375,310.0869445800781,18709200
2023-10-20,314.1400146484375,315.29998779296875,306.4700012207031,308.6499938964844,305.9631652832031,22312300
2023-10-23,309.5,317.3599853515625,307.260009765625,314.010009765625,311.2765197753906,17796800
2023-10-24,316.7799987792969,318.3500061035156,310.6300048828125,312.54998779296875,309.8291320800781,19525500
2023-10-25,310,310.8800048828125,298.8399963378906,299.5299987792969,296.9225158691406,42192500
2023-10-26,295,295,279.3999938964844,288.3500061035156,285.83984375,66684100
2023-10-27,294.4800109863281,299.30999755859375,292.9700012207031,296.7300109863281,294.1469421386719,29596300
2023-10-30,299.0899963378906,309.3999938964844,299.04998779296875,302.6600036621094,300.0252990722656,28435100
2023-10-31,303.30999755859375,303.67999267578125,296.8599853515625,301.2699890136719,298.6473388671875,19434200
2023-11-01,301.8500061035156,312.739990234375,301.8500061035156,311.8500061035156,309.13531494140625,20434600
2023-11-02,317.29998779296875,318.82000732421875,308.3299865722656,310.8699951171875,308.1638488769531,21631800
2023-11-03,312.54998779296875,315.54998779296875,311.0199890136719,314.6000061035156,311.8613586425781,16764300
2023-11-06,315.9800109863281,318.3299865722656,314.45001220703125,315.79998779296875,313.0509338378906,12887700
2023-11-07,317.05999755859375,321,315.1199951171875,318.82000732421875,316.044677734375,14055600
2023-11-08,318.1400146484375,321.3299865722656,314.8800048828125,319.7799987792969,316.996337890625,13609700
2023-11-09,319.4200134277344,324.17999267578125,318.79998779296875,320.54998779296875,317.7595520019531,16103100
2023-11-10,319.94000244140625,329.1000061035156,319.4599914550781,328.7699890136719,325.9079895019531,19096200
2023-11-13,326.20001220703125,332.3299865722656,325.70001220703125,329.19000244140625,326.3243408203125,16908900
2023-11-14,334.5400085449219,338.1000061035156,333.3299865722656,336.30999755859375,333.38238525390625,17179400
2023-11-15,337.92999267578125,338.3999938964844,330.0199890136719,332.7099914550781,329.813720703125,14531200
2023-11-16,329.3699951171875,334.5799865722656,326.3800048828125,334.19000244140625,331.2808837890625,18932600
2023-11-17,330.260009765625,335.5,329.3500061035156,335.0400085449219,332.1234130859375,14494400
2023-11-20,334.8900146484375,341.8699951171875,334.19000244140625,339.9700012207031,337.010498046875,16960500
2023-11-21,338.3299865722656,339.8999938964844,335.8999938964844,336.9800109863281,334.0465393066406,12027900
2023-11-22,339.2099914550781,342.9200134277344,338.5799865722656,341.489990234375,338.5173034667969,10702700
2023-11-24,340.1300048828125,341.8599853515625,336.7699890136719,338.2300109863281,335.28570556640625,5467500
2023-11-27,336.17999267578125,339.8999938964844,334.20001220703125,334.70001220703125,331.78643798828125,15684500
2023-11-28,333.3999938964844,339.3800048828125,333.3999938964844,338.989990234375,336.03912353515625,12637200
2023-11-29,339.69000244140625,339.8999938964844,330.7799987792969,332.20001220703125,329.30816650390625,16024500
2023-11-30,331.8900146484375,333.5,322.3999938964844,327.1499938964844,324.3020935058594,23146400
2023-12-01,325.4800109863281,326.8599853515625,320.760009765625,324.82000732421875,321.992431640625,15276400
2023-12-04,317.2900085449219,320.8599853515625,313.6600036621094,320.0199890136719,317.23419189453125,19037100
2023-12-05,318.9800109863281,321.8800048828125,315.3900146484375,318.2900085449219,315.519287109375,16952100
2023-12-06,321.92999267578125,322.25,317.0400085449219,317.45001220703125,314.68658447265625,11294300
2023-12-07,317.7699890136719,328.239990234375,317.7699890136719,326.5899963378906,323.7469482421875,15905100
2023-12-08,323.0899963378906,333.1700134277344,323,332.75,329.85333251953125,14087400
2023-12-11,329.3999938964844,329.8900146484375,320,325.2799987792969,322.4483947753906,25802500
2023-12-12,324.6000061035156,334.4700012207031,324.55999755859375,334.2200012207031,331.31060791015625,18485500
2023-12-13,333.92999267578125,338.3699951171875,332.6400146484375,334.739990234375,331.8260803222656,16353300
2023-12-14,333.8500061035156,334.70001220703125,328.6400146484375,333.1700134277344,330.2697448730469,19607300
2023-12-15,331.989990234375,338.6600036621094,331.2200012207031,334.9200134277344,332.0044860839844,31776900
2023-12-18,337.4800109863281,347.55999755859375,337.0199890136719,344.6199951171875,341.6200866699219,18993900
2023-12-19,345.5799865722656,353.6000061035156,345.1199951171875,350.3599853515625,347.31005859375,17729400
2023-12-20,348.6499938964844,354.9599914550781,347.7900085449219,349.2799987792969,346.23944091796875,16369900
2023-12-21,352.9800109863281,356.4100036621094,349.2099914550781,354.0899963378906,351.007568359375,15289600
2023-12-22,355.5799865722656,357.20001220703125,351.2200012207031,353.3900146484375,350.3137512207031,11772800
2023-12-26,354.989990234375,356.9800109863281,353.45001220703125,354.8299865722656,351.7411804199219,9898600
2023-12-27,356.07000732421875,359,355.30999755859375,357.8299865722656,354.71502685546875,13207900
2023-12-28,359.70001220703125,361.8999938964844,357.80999755859375,358.32000732421875,355.2007751464844,11798800
2023-12-29,358.989990234375,360,351.82000732421875,353.9599914550781,350.8787536621094,14987100
2024-01-02,351.32000732421875,353.1600036621094,340.010009765625,346.2900085449219,343.2755126953125,19042200
2024-01-03,344.9800109863281,347.95001220703125,343.17999267578125,344.4700012207031,341.4713439941406,15451100
2024-01-04,344.5,348.1499938964844,343.3999938964844,347.1199951171875,344.0982360839844,12099900
2024-01-05,346.989990234375,353.5,346.260009765625,351.95001220703125,348.88629150390625,13920700
2024-01-08,354.70001220703125,358.9800109863281,352.04998779296875,358.6600036621094,355.5378112792969,13890200
2024-01-09,356.3999938964844,360.6400146484375,355.3599853515625,357.42999267578125,354.31854248046875,13463900
2024-01-10,360.1700134277344,372.94000244140625,359.0799865722656,370.4700012207031,367.24505615234375,22117200
2024-01-11,372.1300048828125,372.7799987792969,362.92999267578125,369.6700134277344,366.45208740234375,17205400
2024-01-12,370.1600036621094,377.05999755859375,369.5400085449219,374.489990234375,371.23004150390625,19310000
2024-01-16,373.6499938964844,375.6099853515625,367.2300109863281,367.4599914550781,364.26123046875,15306900
2024-01-17,366.29998779296875,368.5400085449219,358.6099853515625,368.3699951171875,365.1632995605469,12724800
2024-01-18,371.489990234375,376.8500061035156,370.95001220703125,376.1300048828125,372.855712890625,16354300
2024-01-19,379,384.3599853515625,377.9700012207031,383.45001220703125,380.11199951171875,21670800
2024-01-22,387.95001220703125,390.3500061035156,381.1600036621094,381.7799987792969,378.4565734863281,17680500
2024-01-23,384.6199951171875,388.3800048828125,382.0799865722656,385.20001220703125,381.8467712402344,15506100
2024-01-24,390,396.1499938964844,387.80999755859375,390.70001220703125,387.2989196777344,15698500
2024-01-25,390.1700134277344,395.489990234375,385.6600036621094,393.17999267578125,389.7572937011719,15091100
2024-01-26,394.3500061035156,396.7900085449219,391.5899963378906,394.1400146484375,390.708984375,13163700
2024-01-29,394.989990234375,402.92999267578125,393.1000061035156,401.0199890136719,397.5290832519531,18742400
2024-01-30,403.5899963378906,406.3599853515625,399.57000732421875,400.05999755859375,396.577392578125,18614700
2024-01-31,389,398,387.1000061035156,390.1400146484375,386.7438049316406,20180800
2024-02-01,393.94000244140625,400.5,393.04998779296875,394.7799987792969,391.3433837890625,29727100
2024-02-02,459.6000061035156,485.9599914550781,453.010009765625,474.989990234375,470.8551025390625,84707600
2024-02-05,469.8800048828125,471.8999938964844,459.2200012207031,459.4100036621094,455.4107971191406,40832400
2024-02-06,464,467.1199951171875,453,454.7200012207031,450.76165771484375,21655200
2024-02-07,458,471.5199890136719,456.17999267578125,469.5899963378906,465.5021667480469,23066000
2024-02-08,468.32000732421875,470.5899963378906,465.0299987792969,470,465.9085693359375,18815100
2024-02-09,472.95001220703125,473.5899963378906,467.4700012207031,468.1099853515625,464.0350036621094,18413100
2024-02-12,468.19000244140625,479.1499938964844,466.5799865722656,468.8999938964844,464.8182067871094,19382000
2024-02-13,456.8699951171875,467.8900146484375,455.0899963378906,460.1199951171875,456.11456298828125,20916600
2024-02-14,467.92999267578125,474.1099853515625,466.0899963378906,473.2799987792969,469.1600341796875,16858400
2024-02-15,475.2799987792969,488.6199951171875,472.2200012207031,484.0299987792969,479.81646728515625,24212300
2024-02-16,478.1099853515625,478.9599914550781,469.2099914550781,473.32000732421875,469.1996765136719,23324600
2024-02-20,469.7200012207031,476.17999267578125,466.55999755859375,471.75,467.643310546875,18015500
2024-02-21,466.5,469,461.7900085449219,468.0299987792969,464.447998046875,12921800
2024-02-22,480.239990234375,489.989990234375,476.05999755859375,486.1300048828125,482.40948486328125,21625800
2024-02-23,488.04998779296875,494.3599853515625,482.3500061035156,484.0299987792969,480.3255615234375,18374300
2024-02-26,483.4700012207031,486.1400146484375,480.6000061035156,481.739990234375,478.05303955078125,12101400
2024-02-27,479.9800109863281,487.2699890136719,479.9200134277344,487.04998779296875,483.3224182128906,10809600
2024-02-28,485,491.04998779296875,482.75,484.0199890136719,480.31561279296875,12715500
2024-02-29,488.44000244140625,491.70001220703125,482.6099853515625,490.1300048828125,486.3788757324219,17732000
2024-03-01,492.1099853515625,504.25,491.8500061035156,502.29998779296875,498.45574951171875,16273600
2024-03-04,503,504.4200134277344,496.4200134277344,498.19000244140625,494.3771667480469,12324100
2024-03-05,495,495.5799865722656,487.8900146484375,490.2200012207031,486.46820068359375,15325300
2024-03-06,497.6300048828125,502.9700012207031,494.2900085449219,496.0899963378906,492.29327392578125,11757900
2024-03-07,503.2799987792969,519.8499755859375,501.3800048828125,512.1900024414062,508.27001953125,18586400
2024-03-08,514.1900024414062,523.5700073242188,499.3500061035156,505.95001220703125,502.0777893066406,18597100
2024-03-11,497.010009765625,497.32000732421875,476,483.5899963378906,479.8889465332031,20428300
2024-03-12,493.260009765625,502.30999755859375,484.7300109863281,499.75,495.92523193359375,15448200
2024-03-13,495.3900146484375,500.9800109863281,491.0299987792969,495.57000732421875,491.77728271484375,12090700
2024-03-14,500.260009765625,501.3500061035156,488.1600036621094,491.8299865722656,488.06585693359375,12620000
2024-03-15,489.010009765625,491.8299865722656,481.29998779296875,484.1000061035156,480.39501953125,29153600
2024-03-18,491.9100036621094,497.4200134277344,486.80999755859375,496.9800109863281,493.17645263671875,11755300
2024-03-19,488.1700134277344,496.6300048828125,481.2799987792969,496.239990234375,492.44207763671875,10903100
2024-03-20,499.5,508.20001220703125,495.1700134277344,505.5199890136719,501.6510925292969,11711100
2024-03-21,514.7100219726562,515.0399780273438,506.010009765625,507.760009765625,503.8739318847656,9712500
2024-03-22,507,509.9700012207031,504.3399963378906,509.5799865722656,505.6799621582031,8120600
2024-03-25,505.7900085449219,507.2200012207031,500.239990234375,503.0199890136719,499.17022705078125,8380600
2024-03-26,505.1300048828125,510,495.2099914550781,495.8900146484375,492.0948181152344,11205400
2024-03-27,499.29998779296875,499.8900146484375,488.07000732421875,493.8599853515625,490.0802917480469,9989700
2024-03-28,492.8399963378906,492.8900146484375,485.1499938964844,485.5799865722656,481.86370849609375,15212800
2024-04-01,487.20001220703125,497.42999267578125,481.7799987792969,491.3500061035156,487.58953857421875,9247000
2024-04-02,485.1000061035156,497.5299987792969,484.6499938964844,497.3699951171875,493.5635070800781,11081000
2024-04-03,498.92999267578125,507.239990234375,498.75,506.739990234375,502.8616943359375,12099200
2024-04-04,516.4199829101562,530,510.5799865722656,510.9200134277344,507.0097961425781,26476300
2024-04-05,516.8599853515625,530.7000122070312,514.4099731445312,527.3400268554688,523.30419921875,19263300
2024-04-08,529.280029296875,531.489990234375,518.8900146484375,519.25,515.2759399414062,13260600
2024-04-09,522.22998046875,525.8699951171875,506.739990234375,516.9000244140625,512.9440307617188,10863800
2024-04-10,509.2900085449219,522.5599975585938,505.79998779296875,519.8300170898438,515.8514404296875,11418500
2024-04-11,521.1099853515625,523.8599853515625,517.2899780273438,523.1599731445312,519.1560668945312,10369500
2024-04-12,517.75,520.1900024414062,509.3299865722656,511.8999938964844,507.98223876953125,11984500
2024-04-15,516.719970703125,518.530029296875,497.2799987792969,500.2300109863281,496.40155029296875,13512900
2024-04-16,498.1099853515625,504.7699890136719,497.1099853515625,499.760009765625,495.9351501464844,9847900
2024-04-17,503.1000061035156,503.1600036621094,487.1400146484375,494.1700134277344,490.387939453125,12193700
2024-04-18,499.82000732421875,512.2100219726562,499.0400085449219,501.79998779296875,497.9595642089844,14808700
2024-04-19,502.79998779296875,502.79998779296875,475.7300109863281,481.07000732421875,477.3882141113281,25215400
2024-04-22,489.7200012207031,492.010009765625,473.3999938964844,481.7300109863281,478.043212890625,17271100
2024-04-23,491.25,498.760009765625,488.9700012207031,496.1000061035156,492.30322265625,15079200
2024-04-24,508.05999755859375,510,484.5799865722656,493.5,489.7231140136719,37772700
2024-04-25,421.3999938964844,445.7699890136719,414.5,441.3800048828125,438.0019836425781,82890700
2024-04-26,441.4599914550781,446.44000244140625,431.9599914550781,443.2900085449219,439.8973388671875,32691400
2024-04-29,439.55999755859375,439.760009765625,428.55999755859375,432.6199951171875,429.30902099609375,21502600
2024-04-30,431.04998779296875,439.6199951171875,429.7200012207031,430.1700134277344,426.8777770996094,18429500
2024-05-01,428.6000061035156,449.9599914550781,427.1099853515625,439.19000244140625,435.8287658691406,20344900
2024-05-02,438.8399963378906,443.9599914550781,432.2799987792969,441.67999267578125,438.29962158203125,15221300
2024-05-03,445.92999267578125,454.1700134277344,443.8500061035156,451.9599914550781,448.5009460449219,16489100
2024-05-06,455.5799865722656,466.1600036621094,453.3399963378906,465.67999267578125,462.115966796875,15094600
2024-05-07,466.2900085449219,471.5299987792969,461.30999755859375,468.239990234375,464.6564025878906,13406800
2024-05-08,463.5,475.5799865722656,463,472.6000061035156,468.9830322265625,11683900
2024-05-09,470,476.0799865722656,467.6300048828125,475.4200134277344,471.78143310546875,9437700
2024-05-10,477.0899963378906,477.5,469.6000061035156,476.20001220703125,472.5555419921875,10750000
2024-05-13,472.75,473.3500061035156,462.8500061035156,468.010009765625,464.42816162109375,14668800
2024-05-14,463.3699951171875,472.5400085449219,460.0799865722656,471.8500061035156,468.23876953125,10478600
2024-05-15,474.9800109863281,482.5,471.20001220703125,481.5400085449219,477.8546142578125,13100500
2024-05-16,475,477.69000244140625,472.75,473.2300109863281,469.6082458496094,16608200
2024-05-17,470.8299865722656,472.79998779296875,468.4200134277344,471.9100036621094,468.29833984375,10807300
2024-05-20,469.95001220703125,473.20001220703125,467.0400085449219,468.8399963378906,465.2518005371094,11745100
2024-05-21,467.1199951171875,470.70001220703125,462.2699890136719,464.6300048828125,461.07403564453125,11742200
2024-05-22,467.8699951171875,473.7200012207031,465.6499938964844,467.7799987792969,464.1999206542969,10078600
2024-05-23,472.8800048828125,474.3599853515625,461.5400085449219,465.7799987792969,462.2152099609375,11747900
2024-05-24,467.6199951171875,479.8500061035156,466.29998779296875,478.2200012207031,474.5600280761719,12024300
2024-05-28,476.5799865722656,480.8599853515625,474.8399963378906,479.9200134277344,476.24700927734375,10175800
2024-05-29,474.6600036621094,479.8500061035156,473.70001220703125,474.3599853515625,470.72955322265625,9226200
2024-05-30,471.6700134277344,471.7300109863281,464.7099914550781,467.04998779296875,463.4754943847656,10719600
2024-05-31,465.79998779296875,469.1199951171875,454.4599914550781,466.8299865722656,463.25714111328125,16919800
2024-06-03,470.8599853515625,479.6000061035156,468.239990234375,477.489990234375,473.8355407714844,11279400
2024-06-04,477,478.8900146484375,473.2300109863281,476.989990234375,473.33941650390625,7088700
2024-06-05,484.45001220703125,496.6499938964844,483.9100036621094,495.05999755859375,491.2711486816406,15690500
2024-06-06,492.9800109863281,502.82000732421875,490.8900146484375,493.760009765625,489.9810791015625,10667300
2024-06-07,495.9100036621094,498.9100036621094,490.1700134277344,492.9599914550781,489.18719482421875,9380700
2024-06-10,493.8599853515625,502.6600036621094,493.4100036621094,502.6000061035156,498.75335693359375,11220900
2024-06-11,500.1600036621094,507.6000061035156,498.2699890136719,507.4700012207031,503.586181640625,9673700
2024-06-12,513.989990234375,514.010009765625,504.4700012207031,508.8399963378906,504.9456481933594,11983200
2024-06-13,505.7099914550781,509.3599853515625,501.3599853515625,504.1000061035156,500.2419738769531,9954600
2024-06-14,502.6499938964844,507.1499938964844,500.75,504.1600036621094,500.7982482910156,10243300
2024-06-17,501.6700134277344,510.75,496.010009765625,506.6300048828125,503.25177001953125,11266600
2024-06-18,504.55999755859375,506,495.0199890136719,499.489990234375,496.15936279296875,13060400
2024-06-20,502,503.6700134277344,496.7699890136719,501.70001220703125,498.35467529296875,11801200
2024-06-21,503.45001220703125,503.45001220703125,492.3900146484375,494.7799987792969,491.48077392578125,22359200
2024-06-24,499.20001220703125,507.79998779296875,494.2900085449219,498.9100036621094,495.5832824707031,13525300
2024-06-25,497.04998779296875,510.7099914550781,495.5,510.6000061035156,507.1953125,12063200
2024-06-26,506.6499938964844,513.8099975585938,504.67999267578125,513.1199951171875,509.698486328125,8882300
2024-06-27,514.25,522.8800048828125,513.9000244140625,519.5599975585938,516.0955200195312,10121200
2024-06-28,517.1500244140625,521.8800048828125,503.8399963378906,504.2200012207031,500.8577575683594,15855100
2024-07-01,504.95001220703125,506.5799865722656,493.1700134277344,504.67999267578125,501.3147277832031,10328200
2024-07-02,500.760009765625,510.5,499.45001220703125,509.5,506.1026611328125,7739500
2024-07-03,506.3699951171875,511.2799987792969,506.0199890136719,509.9599914550781,506.5595397949219,6005600
2024-07-05,511.6000061035156,540.8699951171875,511.6000061035156,539.9099731445312,536.3098754882812,21354100
2024-07-08,542.3499755859375,542.8099975585938,526.6500244140625,529.3200073242188,525.79052734375,14917500
2024-07-09,533.75,537.47998046875,528.1900024414062,530,526.4658813476562,8753200
2024-07-10,530.7899780273438,538.8800048828125,528.3599853515625,534.6900024414062,531.1245727539062,10983300
2024-07-11,530.8900146484375,535.4600219726562,508.3699951171875,512.7000122070312,509.2812805175781,16458300
2024-07-12,497.760009765625,508.0899963378906,494.2300109863281,498.8699951171875,495.5434875488281,19750500
2024-07-15,498.6300048828125,506.67999267578125,493.3699951171875,496.1600036621094,492.8515625,12539200
2024-07-16,501.5,503.95001220703125,485.7900085449219,489.7900085449219,486.5240783691406,14075800
2024-07-17,479.1700134277344,479.1700134277344,459.1199951171875,461.989990234375,458.909423828125,28076600
2024-07-18,475,479.239990234375,464.5400085449219,475.8500061035156,472.677001953125,19267200
2024-07-19,476.05999755859375,486.7099914550781,475.7099914550781,476.7900085449219,473.6107177734375,15149400
2024-07-22,486.5799865722656,492.05999755859375,483.8999938964844,487.3999938964844,484.1499328613281,12023100
2024-07-23,489.8399963378906,495.2200012207031,487.7200012207031,488.69000244140625,485.43133544921875,9455500
2024-07-24,472.30999755859375,476.29998779296875,460.5799865722656,461.2699890136719,458.1941833496094,17649700
2024-07-25,463.260009765625,463.54998779296875,442.6499938964844,453.4100036621094,450.3866271972656,18240500
2024-07-26,464.20001220703125,469.7699890136719,459.4200134277344,465.70001220703125,462.59466552734375,14222400
2024-07-29,469.8800048828125,473.9599914550781,465.0199890136719,465.7099914550781,462.6045837402344,11339600
2024-07-30,467,472.7300109863281,456.70001220703125,463.19000244140625,460.10137939453125,11390400
2024-07-31,471.0199890136719,476.5,466.75,474.8299865722656,471.66375732421875,24285800
2024-08-01,521,527.1699829101562,492.1000061035156,497.739990234375,494.4210205078125,43083100
2024-08-02,489,501.1499938964844,476.1499938964844,488.1400146484375,484.88507080078125,24044700
2024-08-05,451.3500061035156,483.4800109863281,450.79998779296875,475.7300109863281,472.55780029296875,21396200
2024-08-06,479,502.55999755859375,478.6499938964844,494.0899963378906,490.7953796386719,20955000
2024-08-07,503.1300048828125,510.1499938964844,486.8599853515625,488.9200134277344,485.6598205566406,20105300
2024-08-08,497.5,509.9599914550781,494.7200012207031,509.6300048828125,506.23175048828125,16156800
2024-08-09,507.7099914550781,518.3400268554688,505.70001220703125,517.77001953125,514.3174438476562,13696600
2024-08-12,516.8599853515625,518.02001953125,509.1000061035156,515.9500122070312,512.5096435546875,9767400
2024-08-13,520.010009765625,531.5,518.1500244140625,528.5399780273438,525.0155029296875,13743800
2024-08-14,528.0599975585938,534,523.1300048828125,526.760009765625,523.24755859375,11444200
2024-08-15,531.7899780273438,539.77001953125,526.7000122070312,537.3300170898438,533.7470092773438,13482100
2024-08-16,531.9000244140625,533.6599731445312,524.6599731445312,527.4199829101562,523.903076171875,14776700
2024-08-19,526.8699951171875,531.6599731445312,522.760009765625,529.280029296875,525.7506103515625,9879700
2024-08-20,528.3499755859375,531.0900268554688,525.8800048828125,526.72998046875,523.2177124023438,7944400
2024-08-21,527.1500244140625,539.4000244140625,526.9299926757812,535.1599731445312,531.5914306640625,13423300
2024-08-22,537,544.22998046875,528.5900268554688,531.9299926757812,528.383056640625,15708300
2024-08-23,536.9199829101562,539.8699951171875,525.0599975585938,528,524.4791870117188,11323900
2024-08-26,527.5999755859375,528,514.9500122070312,521.1199951171875,517.6450805664062,9584000
2024-08-27,518.97998046875,524.010009765625,515.3099975585938,519.0999755859375,515.6386108398438,6282700
2024-08-28,517.6699829101562,521.0900268554688,512.4500122070312,516.780029296875,513.3341064453125,9106100
2024-08-29,519.0499877929688,527.2000122070312,515.6799926757812,518.219970703125,514.7644653320312,8317400
2024-08-30,521.3499755859375,523.5399780273438,515.2000122070312,521.3099975585938,517.8338623046875,9157500
2024-09-03,519.6400146484375,525.489990234375,508.6199951171875,511.760009765625,508.3475341796875,12459100
2024-09-04,506.07000732421875,516.5900268554688,504.07000732421875,512.739990234375,509.3210144042969,8335200
2024-09-05,511.7200012207031,521.6300048828125,511.1499938964844,516.8599853515625,513.41357421875,8640900
2024-09-06,521.8800048828125,524.5800170898438,498.25,500.2699890136719,496.9341735839844,14744500
2024-09-09,506.1600036621094,511.3299865722656,502.0799865722656,504.7900085449219,501.4240417480469,11047800
2024-09-10,508.1600036621094,514.1799926757812,500.0299987792969,504.7900085449219,501.4240417480469,9899000
2024-09-11,507.010009765625,513.1199951171875,495.6000061035156,511.8299865722656,508.41705322265625,10782500
2024-09-12,517.0499877929688,526.7100219726562,515.219970703125,525.5999755859375,522.09521484375,11970500
2024-09-13,520.3400268554688,527.5800170898438,517.1099853515625,524.6199951171875,521.121826171875,10321400
2024-09-16,524.5399780273438,534.0999755859375,517.4000244140625,533.280029296875,530.2294311523438,9527600
2024-09-17,537.5999755859375,542.0999755859375,530.5700073242188,536.3200073242188,533.2520751953125,11690800
2024-09-18,537.0700073242188,544.2000122070312,533.9000244140625,537.9500122070312,534.8726806640625,10323500
2024-09-19,550,562.0700073242188,546.52001953125,559.0999755859375,555.9016723632812,15647000
2024-09-20,560,564.5,556.2999877929688,561.3499755859375,558.1387329101562,22066800
2024-09-23,569.5,573.97998046875,562.4099731445312,564.4099731445312,561.1812744140625,12830700
2024-09-24,566.6799926757812,567.75,554.1900024414062,563.3300170898438,560.1075439453125,12993000
2024-09-25,564.0499877929688,576.8800048828125,563.719970703125,568.3099975585938,565.0591430664062,16543400
2024-09-26,575.72998046875,577.4000244140625,562.3499755859375,567.8400268554688,564.5917358398438,14400800
2024-09-27,570.0999755859375,570.8400268554688,564.510009765625,567.3599853515625,564.1143798828125,9398400
2024-09-30,567.7000122070312,574.6799926757812,564.7999877929688,572.4400024414062,569.1654052734375,12792300
2024-10-01,577.97998046875,583.0399780273438,570.0999755859375,576.469970703125,573.1723022460938,15259300
2024-10-02,574.8599853515625,576,569.3400268554688,572.8099975585938,569.5332641601562,6524700
2024-10-03,570.1500244140625,583.3599853515625,568.72998046875,582.77001953125,579.4362182617188,11581000
2024-10-04,583.72998046875,596.8499755859375,581.4299926757812,595.9400024414062,592.5309448242188,14169500
2024-10-07,598.219970703125,602.9500122070312,584.0399780273438,584.780029296875,581.434814453125,12014200
2024-10-08,589.6900024414062,593.5599975585938,585.969970703125,592.8900146484375,589.4984130859375,7857400
2024-10-09,593.989990234375,594.3900146484375,581.6099853515625,590.510009765625,587.1320190429688,9529700
2024-10-10,587.5700073242188,590.22998046875,582.52001953125,583.8300170898438,580.4901733398438,7740400
2024-10-11,584.8300170898438,591.2100219726562,582.7100219726562,589.9500122070312,586.5751953125,8587100
2024-10-14,594.219970703125,600.0999755859375,589.9600219726562,590.4199829101562,587.0426025390625,8252000
2024-10-15,590.1599731445312,590.6099853515625,580.1400146484375,586.27001953125,582.916259765625,9564200
2024-10-16,581.4000244140625,582.0800170898438,574.030029296875,576.7899780273438,573.490478515625,11268400
2024-10-17,583.3300170898438,584.969970703125,575.2000122070312,576.9299926757812,573.6297607421875,8701200
2024-10-18,581.0999755859375,583.969970703125,575.25,576.469970703125,573.1723022460938,7694300
2024-10-21,576.030029296875,577.239990234375,569.1099853515625,575.1599731445312,571.8698120117188,8171900
2024-10-22,574.2899780273438,583.530029296875,572.1199951171875,582.010009765625,578.6806640625,8544500
2024-10-23,579.969970703125,585,562.5,563.6900024414062,560.4655151367188,14248400
2024-10-24,567.1300048828125,568.8800048828125,561.52001953125,567.780029296875,564.5321044921875,7184700
2024-10-25,573.9299926757812,581.2899780273438,571.719970703125,573.25,569.9708251953125,11337900
2024-10-28,582,583.75,574.1199951171875,578.1599731445312,574.8526000976562,10925100
2024-10-29,580.1500244140625,593.6699829101562,575.4000244140625,593.280029296875,589.8861694335938,13019100
2024-10-30,600.97998046875,601.2000122070312,589.3800048828125,591.7999877929688,588.4147338867188,26864900
2024-10-31,585,589.9000244140625,563.010009765625,567.5800170898438,564.3331909179688,26838400
2024-11-01,567.6099853515625,573.6699829101562,562.5599975585938,567.1599731445312,563.91552734375,15303200
2024-11-04,564.0999755859375,568.6900024414062,557.8900146484375,560.6799926757812,557.47265625,12064600
2024-11-05,567.2999877929688,573.47998046875,566.6699829101562,572.4299926757812,569.1554565429688,9775400
2024-11-06,562.75,573,555.1699829101562,572.0499877929688,568.777587890625,18305400
2024-11-07,576.8900146484375,594.7999877929688,575.2100219726562,591.7000122070312,588.315185546875,14653700
2024-11-08,591.5399780273438,593.0999755859375,584.52001953125,589.3400268554688,585.96875,9415700
2024-11-11,586.3599853515625,587,576.510009765625,583.1699829101562,579.833984375,10209100
2024-11-12,588.5399780273438,599.6599731445312,580.3800048828125,584.8200073242188,581.4745483398438,16287700
2024-11-13,582.6099853515625,585.6400146484375,575.1699829101562,580,576.68212890625,10757600
2024-11-14,577,580.760009765625,573.010009765625,577.1599731445312,573.8583984375,11053700
2024-11-15,571.219970703125,572.5700073242188,551.5,554.0800170898438,550.9104614257812,17712900
2024-11-18,557.0399780273438,559.9000244140625,550.0900268554688,554.4000244140625,551.2286376953125,14327300
2024-11-19,551.8599853515625,561.4299926757812,550.5999755859375,561.0900268554688,557.88037109375,9522400
2024-11-20,562.9299926757812,566.3499755859375,554.2000122070312,565.52001953125,562.2849731445312,9797300
2024-11-21,569.52001953125,570,549.0499877929688,563.0900268554688,559.8688354492188,11154700
2024-11-22,563.5499877929688,563.8300170898438,554.5900268554688,559.1400146484375,555.9415283203125,9164000
2024-11-25,562.0999755859375,572.5900268554688,556.3900146484375,565.1099853515625,561.8773193359375,13599800
2024-11-26,566,577.5,565.2000122070312,573.5399780273438,570.259033203125,10356600
2024-11-27,574.8900146484375,574.97998046875,564.0999755859375,569.2000122070312,565.9439697265625,7200200
2024-11-29,569,578.4600219726562,566.9000244140625,574.3200073242188,571.0346069335938,7130500
2024-12-02,577.5,594.5,575.5700073242188,592.8300170898438,589.438720703125,12522400
2024-12-03,595,614.2000122070312,591.25,613.6500244140625,610.1396484375,14907200
2024-12-04,612.9600219726562,617.780029296875,605.0999755859375,613.780029296875,610.2689208984375,14697000
2024-12-05,617.0800170898438,619.9000244140625,607.0499877929688,608.9299926757812,605.4465942382812,8081200
2024-12-06,610.0999755859375,629.7899780273438,608.530029296875,623.77001953125,620.2017822265625,16935500
2024-12-09,623.9199829101562,626.4000244140625,606.1699829101562,613.5700073242188,610.06005859375,11426000
2024-12-10,617.5599975585938,625.5900268554688,612.739990234375,619.3200073242188,615.7772216796875,10938900
2024-12-11,623.3699951171875,638.4000244140625,621.530029296875,632.6799926757812,629.0608520507812,10837200
2024-12-12,631.5,636.6599731445312,627.2100219726562,630.7899780273438,627.1815185546875,7474700
2024-12-13,627.219970703125,631.0800170898438,616.8900146484375,620.3499755859375,616.8012084960938,8453300
2024-12-16,629.97998046875,631.1500244140625,618.5800170898438,624.239990234375,621.1697387695312,10885600
2024-12-17,626.1699829101562,632.3699951171875,616.5399780273438,619.4400024414062,616.3933715820312,12897800
2024-12-18,621,627.3599853515625,596.3200073242188,597.1900024414062,594.2527465820312,17075500
2024-12-19,610.3900146484375,611.52001953125,595,595.5700073242188,592.6407470703125,14958100
2024-12-20,590.5800170898438,603.1099853515625,580,585.25,582.3714599609375,48989400
2024-12-23,589.5999755859375,601.0900268554688,586.25,599.8499755859375,596.899658203125,10205800
2024-12-24,602.719970703125,607.989990234375,599.280029296875,607.75,604.7608642578125,4726100
2024-12-26,605.47998046875,606.2999877929688,598.9400024414062,603.3499755859375,600.3824462890625,6081400
2024-12-27,599.4099731445312,601.8499755859375,589.7999877929688,599.8099975585938,596.85986328125,8084200
2024-12-30,588.75,596.9400024414062,585.5800170898438,591.239990234375,588.3319702148438,7025900
2024-12-31,592.27001953125,593.969970703125,583.8499755859375,585.510009765625,582.6301879882812,6019500
2025-01-02,589.719970703125,604.9099731445312,587.8200073242188,599.239990234375,596.2926025390625,12682300
2025-01-03,604.760009765625,609.5,596.4099731445312,604.6300048828125,601.6561889648438,11436800
2025-01-06,611.8300170898438,630.989990234375,605.6199951171875,630.2000122070312,627.1004028320312,14560800
2025-01-07,631.7000122070312,632.0999755859375,608.22998046875,617.8900146484375,614.8509521484375,12071500
2025-01-08,613.4000244140625,616.4400024414062,602.7899780273438,610.719970703125,607.7161865234375,10085800
2025-01-10,610.030029296875,629.9099731445312,597.3400268554688,615.8599853515625,612.8308715820312,19256600
2025-01-13,607.0999755859375,608.969970703125,598.4500122070312,608.3300170898438,605.3379516601562,10785000
2025-01-14,605.0700073242188,605.489990234375,588.5499877929688,594.25,591.3272705078125,13598000
2025-01-15,610.2100219726562,622.4600219726562,606.5,617.1199951171875,614.084716796875,15524300
2025-01-16,611.5,616.25,609.7100219726562,611.2999877929688,608.2933349609375,8355300
2025-01-17,624.0499877929688,624.969970703125,603.6699829101562,612.77001953125,609.7561645507812,17280600
2025-01-21,617.8300170898438,621.5,609.010009765625,616.4600219726562,613.4280395507812,11674000
2025-01-22,623.2999877929688,633.7000122070312,619.4299926757812,623.5,620.4332885742188,12274000
2025-01-23,627.3599853515625,636.5999755859375,621.1500244140625,636.4500122070312,633.3197021484375,9910200
2025-01-24,636.4000244140625,652,634.2000122070312,647.489990234375,644.3053588867188,19065300
2025-01-27,626.6099853515625,663.8699951171875,625.0999755859375,659.8800048828125,656.6343994140625,28399200
2025-01-28,666,682.5800170898438,659.469970703125,674.3300170898438,671.0133666992188,20950100
2025-01-29,675,681.0499877929688,665.6699829101562,676.489990234375,673.1627197265625,21377800
2025-01-30,696.8200073242188,710.7899780273438,676.0999755859375,687,683.6209716796875,29322900
2025-01-31,691,705.2999877929688,685.5800170898438,689.1799926757812,685.7903442382812,19303900
2025-02-03,675.9099731445312,704,675.25,697.4600219726562,694.0296020507812,21415700
2025-02-04,702.5,707.7100219726562,691.6099853515625,704.1900024414062,700.7264404296875,13826300
2025-02-05,703.5499877929688,718.1400146484375,699.010009765625,704.8699951171875,701.4031372070312,17778200
2025-02-06,705.8800048828125,718.9000244140625,703.5,711.989990234375,708.4881591796875,13080700
2025-02-07,716.7999877929688,725.010009765625,711.75,714.52001953125,711.0057373046875,16427100
2025-02-10,718.5599975585938,721.2000122070312,711.3300170898438,717.4000244140625,713.87158203125,12904300
2025-02-11,713.3200073242188,723.6599731445312,710.0399780273438,719.7999877929688,716.259765625,12998000
2025-02-12,715.2999877929688,727.0999755859375,712.5999755859375,725.3800048828125,721.812255859375,12016500
2025-02-13,721.52001953125,729,718.0399780273438,728.5599975585938,724.9766845703125,12569100
2025-02-14,726.1400146484375,740.9099731445312,725.6199951171875,736.6699829101562,733.0466918945312,16901200
2025-02-18,736,737,706.4400024414062,716.3699951171875,712.8465576171875,21938700
2025-02-19,704.0999755859375,707,695.3900146484375,703.77001953125,700.3085327148438,17535500
2025-02-20,697.280029296875,705.6300048828125,693.6400146484375,694.8400268554688,691.4224853515625,12587400
2025-02-21,696.5800170898438,703.8699951171875,682.3599853515625,683.5499877929688,680.18798828125,15660400
2025-02-24,686.280029296875,687.27001953125,662.4500122070312,668.1300048828125,664.8439331054688,15677000
2025-02-25,665.969970703125,668,641.8599853515625,657.5,654.2661743164062,20579700
2025-02-26,659.6500244140625,683.010009765625,658,673.7000122070312,670.386474609375,14488700
2025-02-27,682.4500122070312,688.6500244140625,657.5700073242188,658.239990234375,655.0025024414062,12500000
2025-02-28,658.0399780273438,669.6300048828125,642.5999755859375,668.2000122070312,664.91357421875,17534200
2025-03-03,673.6799926757812,681.25,650.8400268554688,655.0499877929688,651.828125,10843800
2025-03-04,645.510009765625,649.75,623.6500244140625,640,636.8522338867188,21495200
2025-03-05,641,659.5,637.6599731445312,656.469970703125,653.2411499023438,13770000
2025-03-06,648,650.5599975585938,624.1099853515625,627.9299926757812,624.841552734375,13446500
2025-03-07,625.3699951171875,634.7899780273438,600.6099853515625,625.6599731445312,622.5827026367188,21375700
2025-03-10,608.0700073242188,610.1099853515625,586.8699951171875,597.989990234375,595.048828125,21999900
2025-03-11,595.0499877929688,614.9299926757812,593.3300170898438,605.7100219726562,602.7308959960938,17401500
2025-03-12,629.9000244140625,633.3300170898438,609.3499755859375,619.5599975585938,616.5126953125,15747000
2025-03-13,620.25,620.5,586.510009765625,590.6400146484375,587.7349853515625,16480300
2025-03-14,602.7999877929688,608.8599853515625,594.780029296875,607.5999755859375,605.1494140625,12364500
2025-03-17,607.4600219726562,613.0999755859375,598,604.9000244140625,602.4603881835938,15473900
2025-03-18,600.0499877929688,600.25,574.6599731445312,582.3599853515625,580.01123046875,20297700
2025-03-19,584.280029296875,592.3200073242188,574.77001953125,584.0599975585938,581.7044067382812,20537500
2025-03-20,582.760009765625,610.2000122070312,579.510009765625,586,583.6365966796875,24336500
2025-03-21,583.4199829101562,597.5399780273438,580.9500122070312,596.25,593.8452758789062,25015900
2025-03-24,614.969970703125,622.5399780273438,612.2000122070312,618.8499755859375,616.35400390625,15741300
2025-03-25,626.760009765625,633.8800048828125,621.1799926757812,626.3099975585938,623.7840576171875,15312500
2025-03-26,624.8900146484375,626.75,606.6099853515625,610.97998046875,608.515869140625,12609800
2025-03-27,602,614.25,600.0999755859375,602.5800170898438,600.1497192382812,10436500
2025-03-28,600.3099975585938,601.75,573.9199829101562,576.739990234375,574.4139404296875,17602800
2025-03-31,563.5,578.7000122070312,553.2999877929688,576.3599853515625,574.035400390625,21124700
2025-04-01,570.8400268554688,589.9099731445312,570,586,583.6365966796875,12836600
2025-04-02,574.9099731445312,592.6599731445312,573.3599853515625,583.9299926757812,581.574951171875,13470800
2025-04-03,546.219970703125,552.5599975585938,530.2999877929688,531.6199951171875,529.4758911132812,34777500
2025-04-04,506.6199951171875,518,494.20001220703125,504.7300109863281,502.6943664550781,38589800
2025-04-07,485.1000061035156,539.3699951171875,481.8999938964844,516.25,514.1678466796875,36606100
2025-04-08,543.25,547.4299926757812,502.8599853515625,510.45001220703125,508.3912658691406,28034200
2025-04-09,509.2699890136719,587.8900146484375,502.1099853515625,585.77001953125,583.407470703125,39216600
2025-04-10,575.489990234375,581.2999877929688,535.2999877929688,546.2899780273438,544.086669921875,28173500
2025-04-11,535.510009765625,547.4000244140625,528.5900268554688,543.5700073242188,541.3777465820312,17642300
2025-04-14,556.1699829101562,557.77001953125,528.280029296875,531.47998046875,529.3364868164062,14130900
2025-04-15,532.1099853515625,537.9400024414062,517.5,521.52001953125,519.416748046875,15558700
2025-04-16,508.510009765625,513.3699951171875,495.6300048828125,502.30999755859375,500.28411865234375,18735100
2025-04-17,505.25,507.29998779296875,498.010009765625,501.4800109863281,499.45745849609375,14593500
2025-04-21,491.3299865722656,493.5,479.79998779296875,484.6600036621094,482.7052917480469,16166000
2025-04-22,491.8699951171875,506.8800048828125,486.3599853515625,500.2799987792969,498.26226806640625,17399400
2025-04-23,528.530029296875,535.3400268554688,516.52001953125,520.27001953125,518.1717529296875,18173900
2025-04-24,518.72998046875,533.9000244140625,517.5,533.1500244140625,530.9998168945312,13910000
2025-04-25,546.7999877929688,549.8599853515625,536.25,547.27001953125,545.0628051757812,17098900
2025-04-28,555.6400146484375,558.489990234375,540.5900268554688,549.739990234375,547.5227661132812,15179000
2025-04-29,546,556.5700073242188,544.1199951171875,554.4400024414062,552.203857421875,11835000
2025-04-30,538.4000244140625,549.0999755859375,529.5,549,546.7857666015625,29244000
2025-05-01,592.0800170898438,592.9500122070312,570.5,572.2100219726562,569.9022216796875,31159000
2025-05-02,583.4600219726562,604.3400268554688,578.3300170898438,597.02001953125,594.6121215820312,24739300
2025-05-05,591.219970703125,603.2100219726562,588.0499877929688,599.27001953125,596.8530883789062,13887700
2025-05-06,592.530029296875,596.030029296875,586.5800170898438,587.3099975585938,584.9412231445312,10600700
2025-05-07,590.3599853515625,603.0800170898438,586.6699829101562,596.8099975585938,594.4029541015625,13139100
2025-05-08,606.2899780273438,611.2999877929688,596.6199951171875,598.010009765625,595.5982055664062,14622800
2025-05-09,603.719970703125,606.969970703125,591.7100219726562,592.489990234375,590.100341796875,10427300
2025-05-12,630.9199829101562,640.3900146484375,621.030029296875,639.4299926757812,636.8511352539062,21965100
2025-05-13,645.5399780273438,660.9199829101562,642.8300170898438,656.030029296875,653.3841552734375,18570800
2025-05-14,661.2100219726562,662.6699829101562,654.3099975585938,659.3599853515625,656.70068359375,12348200
2025-05-15,654.280029296875,657.3099975585938,638.5800170898438,643.8800048828125,641.283203125,14341800
2025-05-16,637.9600219726562,640.4400024414062,626.1500244140625,640.3400268554688,637.7574462890625,18519000
2025-05-19,628.25,643,627.7999877929688,640.4299926757812,637.8470458984375,9592400
2025-05-20,636.010009765625,639.3499755859375,632.260009765625,637.0999755859375,634.530517578125,6743500
2025-05-21,631.7899780273438,646.6099853515625,630.1699829101562,635.5,632.9368896484375,11464600
2025-05-22,634.0499877929688,643.25,630.7100219726562,636.5700073242188,634.0026245117188,8228400
2025-05-23,624,632.4500122070312,622.6500244140625,627.0599975585938,624.5309448242188,8454100
2025-05-27,635.4099731445312,643.0800170898438,632.75,642.3200073242188,639.7293701171875,9508400
2025-05-28,642.5999755859375,650.8800048828125,642.5499877929688,643.5800170898438,640.984375,9042900
2025-05-29,651.6500244140625,653.3200073242188,639.5,645.0499877929688,642.4484252929688,8858800
2025-05-30,642.5,649.4099731445312,632.780029296875,647.489990234375,644.8785400390625,16241000
2025-06-02,644.3900146484375,673.260009765625,644.260009765625,670.9000244140625,668.1941528320312,15766300
2025-06-03,671.4500122070312,675.5800170898438,665.030029296875,666.8499755859375,664.1604614257812,11585000
2025-06-04,669.3200073242188,689,668.5700073242188,687.9500122070312,685.1754150390625,14031900
2025-06-05,691.6599731445312,694.3800048828125,682.25,684.6199951171875,681.8588256835938,13083100
2025-06-06,696.1699829101562,702.8099975585938,691.8699951171875,697.7100219726562,694.8960571289062,11728000
2025-06-09,698.4600219726562,705.1900024414062,693.9400024414062,694.0599975585938,691.2607421875,12773200
2025-06-10,701.3499755859375,703.22998046875,691.5599975585938,702.4000244140625,699.567138671875,10850100
2025-06-11,703.7100219726562,708.8699951171875,691.989990234375,694.1400146484375,691.3404541015625,9582500
2025-06-12,693.2999877929688,695.3800048828125,687,693.3599853515625,690.5635375976562,7322700
2025-06-13,687.9500122070312,694.5700073242188,681.010009765625,682.8699951171875,680.1159057617188,9274400
2025-06-16,699.3300170898438,707.1500244140625,693.510009765625,702.1199951171875,699.8262939453125,13720300
2025-06-17,702,705.969970703125,696.0599975585938,697.22998046875,694.9522705078125,10066100
2025-06-18,698.1799926757812,701.5900268554688,694.9000244140625,695.77001953125,693.4970703125,10068300
2025-06-20,700.75,701.8200073242188,678.6699829101562,682.3499755859375,680.1207885742188,22538600
2025-06-23,683.6900024414062,699.0499877929688,678.75,698.530029296875,696.2481079101562,11080100
2025-06-24,704.8900146484375,713.1900024414062,702.1099853515625,712.2000122070312,709.8734130859375,13823200
2025-06-25,713.3200073242188,716.5800170898438,705.3800048828125,708.6799926757812,706.3648071289062,9320400
2025-06-26,714.3599853515625,728.219970703125,711.0499877929688,726.0900268554688,723.7179565429688,13964800
2025-06-27,726.52001953125,735.4299926757812,725.8599853515625,733.6300048828125,731.2333984375,18775700
2025-06-30,744.5499877929688,747.9000244140625,734.25,738.0900268554688,735.6788330078125,15402100
2025-07-01,736.8800048828125,737.75,715.3699951171875,719.219970703125,716.8704223632812,13431200
2025-07-02,715.3300170898438,720.2999877929688,712.7999877929688,713.5700073242188,711.2388916015625,9336700
2025-07-03,726.6099853515625,729.030029296875,714.4199829101562,719.010009765625,716.6611938476562,8601700
2025-07-07,717.5999755859375,727,713.510009765625,718.3499755859375,716.0032958984375,9457100
2025-07-08,721.5700073242188,722.9099731445312,714.8099975585938,720.6699829101562,718.315673828125,7770700
2025-07-09,722.719970703125,737.530029296875,722.719970703125,732.780029296875,730.3861694335938,11418000
2025-07-10,731.5499877929688,735.7999877929688,719.5999755859375,727.239990234375,724.8641967773438,9913600
2025-07-11,722.5,725.1599731445312,709.7000122070312,717.510009765625,715.1660766601562,10873900
2025-07-14,717.5999755859375,728,716.5499877929688,720.9199829101562,718.5648803710938,8939400
2025-07-15,723.9000244140625,724.469970703125,709.8200073242188,710.3900146484375,708.0692749023438,11529500
2025-07-16,713.3699951171875,713.969970703125,699.27001953125,702.9099731445312,700.6136474609375,13067600
2025-07-17,704.3900146484375,705.9000244140625,697.1099853515625,701.4099731445312,699.1185913085938,11803300
2025-07-18,702.1900024414062,704.7100219726562,691.6500244140625,704.280029296875,701.979248046875,12779800
2025-07-21,706.7999877929688,717,705.760009765625,712.969970703125,710.6408081054688,9404400
2025-07-22,716.1900024414062,716.5999755859375,701.4099731445312,704.8099975585938,702.5075073242188,8921100
2025-07-23,706.3699951171875,714.6300048828125,704.9299926757812,713.5800170898438,711.2489013671875,8771600
2025-07-24,717.0499877929688,723.6199951171875,714,714.7999877929688,712.4649047851562,10920800
2025-07-25,716.9199829101562,720.6500244140625,711.9000244140625,712.6799926757812,710.3517456054688,8271700
2025-07-28,715.2000122070312,724.739990234375,712.6799926757812,717.6300048828125,715.2855834960938,8715700
2025-07-29,720,724.469970703125,699.9099731445312,700,697.7131958007812,13267000
2025-07-30,708.0900268554688,708.5,691.2000122070312,695.2100219726562,692.9389038085938,27077300
2025-07-31,775.2000122070312,784.75,765.510009765625,773.4400024414062,770.913330078125,38831100
2025-08-01,760.72998046875,766,745.3099975585938,750.010009765625,747.5598754882812,19028700
2025-08-04,760,776.8499755859375,758.4099731445312,776.3699951171875,773.833740234375,15801700
2025-08-05,776.4500122070312,783.1300048828125,763,763.4600219726562,760.9659423828125,11640300
2025-08-06,770,773.6400146484375,760.4600219726562,771.989990234375,769.468017578125,9733900
2025-08-07,773.489990234375,775,759.5499877929688,761.8300170898438,759.3411865234375,9019700
2025-08-08,762.75,769.9000244140625,758.5800170898438,769.2999877929688,766.7868041992188,7320800
2025-08-11,770.0800170898438,773.4600219726562,764.6699829101562,765.8699951171875,763.3680419921875,7612000
2025-08-12,773,793.6699829101562,772.4299926757812,790,787.419189453125,14563100
2025-08-13,791.1500244140625,795.4600219726562,778.22998046875,780.0800170898438,777.5316772460938,8811800
2025-08-14,777.8800048828125,787.8099975585938,772.510009765625,782.1300048828125,779.5748901367188,8116200
2025-08-15,784.1500244140625,796.25,780.8200073242188,785.22998046875,782.664794921875,13375400
2025-08-18,775.0900268554688,775.8099975585938,756.5599975585938,767.3699951171875,764.8631591796875,16513700
2025-08-19,767.1199951171875,767.1699829101562,749.3599853515625,751.47998046875,749.0250854492188,12286700
2025-08-20,747.5700073242188,750.2000122070312,731,747.719970703125,745.2772827148438,11898200
2025-08-21,744.7100219726562,745.5,733.1099853515625,739.0999755859375,736.6854248046875,8876300
2025-08-22,739.22998046875,756.9000244140625,734.3900146484375,754.7899780273438,752.32421875,10612700
2025-08-25,754.8200073242188,758.8800048828125,750.1300048828125,753.2999877929688,750.8391723632812,6861200
2025-08-26,750.7999877929688,754.8699951171875,747.9400024414062,754.0999755859375,751.636474609375,7601800
2025-08-27,752.2999877929688,754.1500244140625,742.8400268554688,747.3800048828125,744.9384765625,8315400
2025-08-28,744,753.0499877929688,740.7999877929688,751.1099853515625,748.6563110351562,7468000
2025-08-29,745.280029296875,747.1400146484375,735.3499755859375,738.7000122070312,736.286865234375,9070500
2025-09-02,726.0399780273438,736,721.72998046875,735.1099853515625,732.70849609375,9350900
2025-09-03,736,740.25,733.989990234375,737.0499877929688,734.6421508789062,7699300
2025-09-04,748.5700073242188,761.1599731445312,745.8200073242188,748.6500244140625,746.204345703125,11439100
2025-09-05,752.6199951171875,757.9500122070312,745.030029296875,752.4500122070312,749.9918823242188,9663400
2025-09-08,756,766.510009765625,752.02001953125,752.2999877929688,749.8424072265625,13087800
2025-09-09,757.489990234375,766.2999877929688,753.4299926757812,765.7000122070312,763.1986083984375,10999000
2025-09-10,765.1300048828125,765.7000122070312,751,751.97998046875,749.5234375,12478300
2025-09-11,754.6500244140625,757.0999755859375,748.3699951171875,750.9000244140625,748.447021484375,7923300
2025-09-12,748.72998046875,757.5700073242188,743.760009765625,755.5900268554688,753.1216430664062,8248600
2025-09-15,757.469970703125,774.0700073242188,751.989990234375,764.7000122070312,762.201904296875,10533800
2025-09-16,767,781.3599853515625,765.0999755859375,779,776.4552001953125,11782500
2025-09-17,779.989990234375,783.2899780273438,766.3099975585938,775.719970703125,773.1858520507812,9400900
2025-09-18,780.75,788.780029296875,773.3599853515625,780.25,777.7010498046875,10955000
2025-09-19,786.4199829101562,790.7999877929688,769.1900024414062,778.3800048828125,775.8372192382812,23696800
2025-09-22,781.8499755859375,785.72998046875,764.469970703125,765.1599731445312,763.1751098632812,11706900
2025-09-23,769.25,770.5999755859375,751.0700073242188,755.4000244140625,753.4404907226562,10872600
2025-09-24,757.5,761.1099853515625,752.530029296875,760.6599731445312,758.686767578125,8828200
2025-09-25,753.4500122070312,756.77001953125,744.5499877929688,748.9099731445312,746.9672241210938,10591100
2025-09-26,750,751.9299926757812,737.3499755859375,743.75,741.8206176757812,9696300
2025-09-29,748.719970703125,750.780029296875,739.1500244140625,743.4000244140625,741.4716186523438,9246800
2025-09-30,742.25,742.969970703125,726.2999877929688,734.3800048828125,732.4749145507812,16226800
2025-10-01,721.489990234375,721.8499755859375,710.2000122070312,717.3400268554688,715.4791870117188,20419600
2025-10-02,722.5800170898438,727.77001953125,718.1400146484375,727.0499877929688,725.1639404296875,11415300
2025-10-03,729.6300048828125,731,710.1799926757812,710.5599975585938,708.7167358398438,16154300
2025-10-06,705.1900024414062,716.8800048828125,690.510009765625,715.6599731445312,713.8035278320312,21654700
2025-10-07,717.719970703125,718.5,705.75,713.0800170898438,711.230224609375,12062900
2025-10-08,713.4500122070312,719.6500244140625,707.8099975585938,717.8400268554688,715.9779052734375,10790600
2025-10-09,718.280029296875,733.510009765625,712.4400024414062,733.510009765625,731.6072387695312,12717200
2025-10-10,730.9199829101562,735.27001953125,704.510009765625,705.2999877929688,703.4703979492188,16980100
2025-10-13,713.010009765625,719.9400024414062,707.6400146484375,715.7000122070312,713.8433837890625,9251800
2025-10-14,707.780029296875,715.5499877929688,699.3300170898438,708.6500244140625,706.811767578125,8829800
2025-10-15,717.0599975585938,723.9000244140625,709.510009765625,717.5499877929688,715.6885986328125,10246800
2025-10-16,717.5499877929688,725.489990234375,703.8800048828125,712.0700073242188,710.2228393554688,9017000
2025-10-17,707.0800170898438,718.5399780273438,706.1199951171875,716.9199829101562,715.0602416992188,12232400
2025-10-20,721.1900024414062,733.77001953125,720.1799926757812,732.1699829101562,730.2706909179688,8900200
2025-10-21,736.02001953125,738.5,728.75,733.27001953125,731.3678588867188,7647300
2025-10-22,733.8300170898438,740.5999755859375,724.030029296875,733.4099731445312,731.5074462890625,8734500
2025-10-23,734.7000122070312,742.4099731445312,733.0999755859375,734,732.095947265625,9856000
2025-10-24,736.7899780273438,741.2100219726562,731.1500244140625,738.3599853515625,736.444580078125,9151300
2025-10-27,749.72998046875,755.75,748.010009765625,750.8200073242188,748.872314453125,11321100
2025-10-28,752.6300048828125,758.4000244140625,745.52001953125,751.4400024414062,749.49072265625,12193800
2025-10-29,754.75,759.1599731445312,742.510009765625,751.6699829101562,749.7201538085938,26818600
2025-10-30,669.1500244140625,680.9600219726562,650.1699829101562,666.469970703125,664.7410888671875,88440100
2025-10-31,674.510009765625,674.8900146484375,645.5700073242188,648.3499755859375,646.6680908203125,56953200
2025-11-03,656,659.3300170898438,636.1799926757812,637.7100219726562,636.0557861328125,33003600
2025-11-04,628.0399780273438,641.739990234375,626.010009765625,627.3200073242188,625.6926879882812,27356600
2025-11-05,632.3099975585938,642.22998046875,626.5399780273438,635.9500122070312,634.30029296875,20219900
2025-11-06,635.8499755859375,636,618,618.9400024414062,617.3344116210938,23628800
2025-11-07,616.489990234375,622.1300048828125,601.2000122070312,621.7100219726562,620.0972290039062,29946800
2025-11-10,631.0900268554688,635,618.1099853515625,631.760009765625,630.1211547851562,19245000
2025-11-11,628,629.5599975585938,619.3900146484375,627.0800170898438,625.453369140625,13302200
2025-11-12,628.1300048828125,628.989990234375,607.77001953125,609.010009765625,607.43017578125,24493300
2025-11-13,613.0700073242188,617.6500244140625,603,609.8900146484375,608.3079223632812,20973800
2025-11-14,601.7899780273438,613.6799926757812,595.2000122070312,609.4600219726562,607.8790283203125,20724100
2025-11-17,609.0399780273438,611.6900024414062,595.4000244140625,602.010009765625,600.4483032226562,16501300
2025-11-18,591.5999755859375,603.6599731445312,583.780029296875,597.6900024414062,596.1395874023438,25500600
2025-11-19,593.719970703125,595.3300170898438,581.25,590.3200073242188,588.7886352539062,24744700
2025-11-20,603.5,606.719970703125,583.3499755859375,589.1500244140625,587.6217651367188,20603000
2025-11-21,588.5,598.1199951171875,581.8599853515625,594.25,592.70849609375,21052600
2025-11-24,598.719970703125,616.7000122070312,597.6300048828125,613.0499877929688,611.459716796875,23554900
2025-11-25,624,637.0499877929688,618.2999877929688,636.219970703125,634.569580078125,25213000
2025-11-26,637.6900024414062,638.3599853515625,631.6300048828125,633.6099853515625,631.9664306640625,15209500
2025-11-28,636.0800170898438,648.0499877929688,635.5,647.9500122070312,646.2691650390625,11033200
2025-12-01,639.5499877929688,645.3200073242188,637.760009765625,640.8699951171875,639.2075805664062,13029900
2025-12-02,642.3400268554688,647.8699951171875,638.0700073242188,647.0999755859375,645.4213256835938,11640900
2025-12-03,644.4099731445312,648.8499755859375,637.5499877929688,639.5999755859375,637.9408569335938,11134300
2025-12-04,676,676.0999755859375,660.0499877929688,661.530029296875,659.81396484375,29874600
2025-12-05,664,674.6900024414062,662.3900146484375,673.4199829101562,671.673095703125,21207900
2025-12-08,669.3400268554688,676.7100219726562,665.0700073242188,666.7999877929688,665.0702514648438,13161000
2025-12-09,663.77001953125,664.47998046875,653.3400268554688,656.9600219726562,655.2557983398438,12997100
2025-12-10,649.9500122070312,654.510009765625,643.4000244140625,650.1300048828125,648.4434814453125,16910900
2025-12-11,643.2899780273438,655.280029296875,640.7999877929688,652.7100219726562,651.016845703125,13056700
2025-12-12,649.7999877929688,711,638.6099853515625,644.22998046875,642.558837890625,14016900
2025-12-15,645.7000122070312,653,638.7000122070312,647.510009765625,646.3570556640625,15549100
2025-12-16,643.5,662.5399780273438,643.2000122070312,657.1500244140625,655.9799194335938,14309100
2025-12-17,655.6099853515625,661.22998046875,649.2000122070312,649.5,648.343505859375,15598500
2025-12-18,657.030029296875,670.5599975585938,656.4600219726562,664.4500122070312,663.266845703125,20260300
2025-12-19,666.4199829101562,671,658.1799926757812,658.77001953125,657.5969848632812,49977100
2025-12-22,661.6500244140625,673.5800170898438,656.6500244140625,661.5,660.3221435546875,15659400
2025-12-23,660.0499877929688,666,658.25,664.9400024414062,663.7559814453125,8486800
2025-12-24,662.530029296875,668.1799926757812,662.2000122070312,667.5499877929688,666.361328125,5627500
2025-12-26,668.0599975585938,668.9500122070312,661.3200073242188,663.2899780273438,662.1089477539062,7133800
2025-12-29,658.010009765625,660.25,654.3900146484375,658.6900024414062,657.5171508789062,8506500
2025-12-30,658.6900024414062,672.219970703125,657.8400268554688,665.9500122070312,664.7642211914062,9187500
2025-12-31,664.75,665,659.4400024414062,660.0900268554688,658.9146118164062,7940400
2026-01-02,662.72998046875,664.3900146484375,643.5,650.4099731445312,649.2518310546875,13726500
2026-01-05,651.010009765625,664.5399780273438,647.75,658.7899780273438,657.616943359375,12213700
2026-01-06,659.5700073242188,665.52001953125,651.9000244140625,660.6199951171875,659.4436645507812,11074400
2026-01-07,655.6400146484375,659.1500244140625,644.8099975585938,648.6900024414062,647.534912109375,12846300
2026-01-08,645.8800048828125,647.0999755859375,635.719970703125,646.0599975585938,644.9096069335938,11921700
2026-01-09,645.4400024414062,654.9500122070312,642.8499755859375,653.0599975585938,651.8971557617188,11634900
2026-01-12,652.530029296875,653.969970703125,641.22998046875,641.969970703125,640.8268432617188,14797200
2026-01-13,642.27001953125,642.27001953125,624.0999755859375,631.0900268554688,629.96630859375,18030400
2026-01-14,626.5,628.4500122070312,614.8200073242188,615.52001953125,614.4240112304688,15527900
2026-01-15,618.47998046875,624.1699829101562,614.22998046875,620.7999877929688,619.694580078125,13076100
2026-01-16,624.1799926757812,629.0800170898438,620.0800170898438,620.25,619.1455688476562,17012500
2026-01-20,607.8800048828125,611.4000244140625,600,604.1199951171875,603.0443115234375,15169600
2026-01-21,606.739990234375,618.27001953125,600.0800170898438,612.9600219726562,611.8685913085938,14494700
2026-01-22,629.3499755859375,660.5700073242188,626.5499877929688,647.6300048828125,646.476806640625,21394700
2026-01-23,644.77001953125,666.489990234375,644.4500122070312,658.760009765625,657.5870361328125,22797700
2026-01-26,665.1300048828125,675.280029296875,661.2899780273438,672.3599853515625,671.1627197265625,16327400
2026-01-27,674.5900268554688,676.8200073242188,664.6599731445312,672.969970703125,671.7716674804688,13297400
2026-01-28,674.5,677.6799926757812,666.0999755859375,668.72998046875,667.5391845703125,25709600
2026-01-29,737.4299926757812,744,712.5499877929688,738.3099975585938,736.995361328125,59852900
2026-01-30,727.5,732.1699829101562,713.5900268554688,716.5,715.2241821289062,23744600
2026-02-02,714.5999755859375,721.2999877929688,703.52001953125,706.4099731445312,705.152099609375,14365200
2026-02-03,707.3699951171875,717,686.4099731445312,691.7000122070312,690.4683227539062,13760700
2026-02-04,687.72998046875,688.8300170898438,667.4600219726562,668.989990234375,667.798828125,16882800
2026-02-05,663.5800170898438,681.5,653.5,670.2100219726562,669.0166625976562,17131800
2026-02-06,665.489990234375,671.989990234375,646.5,661.4600219726562,660.2822265625,18159300
2026-02-09,663.1799926757812,683.3099975585938,658.780029296875,677.219970703125,676.0140991210938,14837500
2026-02-10,677.5999755859375,680.6500244140625,669.7899780273438,670.719970703125,669.525634765625,10455800
2026-02-11,674,679.27001953125,657.0999755859375,668.6900024414062,667.4993286132812,14323800
2026-02-12,669.969970703125,676,645.280029296875,649.8099975585938,648.6529541015625,14960100
2026-02-13,645.0999755859375,651.4299926757812,634.5700073242188,639.77001953125,638.6307983398438,12336400
2026-02-17,639.5,642.5999755859375,628.7999877929688,639.2899780273438,638.1516723632812,12674700
2026-02-18,633.7999877929688,645,628.1500244140625,643.219970703125,642.0746459960938,14649200
2026-02-19,638.5700073242188,647.1900024414062,636.719970703125,644.780029296875,643.6318969726562,10035700
2026-02-20,639.6900024414062,663.3499755859375,638.780029296875,655.6599731445312,654.4925537109375,14183500
2026-02-23,652.5399780273438,657.7000122070312,636,637.25,636.1153564453125,8605900
2026-02-24,633.0800170898438,641.1099853515625,628.97998046875,639.2999877929688,638.1616821289062,10135600
2026-02-25,642.530029296875,653.8800048828125,642.1400146484375,653.6900024414062,652.5260009765625,11330700
2026-02-26,650.5499877929688,661,647.5,657.010009765625,655.8401489257812,10637700
2026-02-27,643.4500122070312,649.4400024414062,638.1199951171875,648.1799926757812,647.0258178710938,15703000
2026-03-02,637.1599731445312,659.9400024414062,634.5,653.5599975585938,652.396240234375,9816100
2026-03-03,648.2899780273438,659.0399780273438,638.8400268554688,655.0800170898438,653.91357421875,12263800
2026-03-04,657.9600219726562,672.77001953125,657.6699829101562,667.72998046875,666.541015625,10810100
2026-03-05,661.9299926757812,670.7000122070312,650.3099975585938,660.5700073242188,659.393798828125,13341400
2026-03-06,647.9000244140625,649.469970703125,636.1099853515625,644.8599853515625,643.7117309570312,13159400
2026-03-09,634.780029296875,647.75,626.780029296875,647.3900146484375,646.2372436523438,13489700
2026-03-10,653.5599975585938,660.2999877929688,649,654.0700073242188,652.9053955078125,9859300
2026-03-11,654.760009765625,659.1199951171875,648.3599853515625,654.8599853515625,653.6939697265625,8977200
2026-03-12,648.75,653.5,636.9000244140625,638.1799926757812,637.043701171875,11617500
2026-03-13,623.8900146484375,629.1699829101562,609.5499877929688,613.7100219726562,612.6171875,18957600
2026-03-16,632,634.75,623.0999755859375,627.4500122070312,626.8690185546875,15134900
2026-03-17,627.989990234375,636.5499877929688,621.7000122070312,622.6599731445312,622.0834350585938,10348800
2026-03-18,616.3400268554688,622.6500244140625,614.6099853515625,615.6799926757812,615.1099243164062,11726300
2026-03-19,612.1500244140625,613,602.260009765625,606.7000122070312,606.1382446289062,13247700
2026-03-20,603.530029296875,603.9600219726562,587.25,593.6599731445312,593.1102905273438,21214900
2026-03-23,605.7899780273438,608.6400146484375,599.010009765625,604.0599975585938,603.5006713867188,13638000
2026-03-24,599.0999755859375,601,591,592.9199829101562,592.3709716796875,10739700
2026-03-25,598.739990234375,603.6699829101562,593.4000244140625,594.8900146484375,594.3391723632812,12585000
2026-03-26,582.489990234375,583,543.3499755859375,547.5399780273438,547.032958984375,35780100
2026-03-27,540.0999755859375,543.5999755859375,520.260009765625,525.719970703125,525.233154296875,30133000
2026-03-30,536.3800048828125,539.5499877929688,528.5399780273438,536.3800048828125,535.8833618164062,22795200
2026-03-31,549.97998046875,573.6900024414062,546.77001953125,572.1300048828125,571.6002197265625,32898300
2026-04-01,580.1300048828125,592.5499877929688,573.8200073242188,579.22998046875,578.6936645507812,23608100
2026-04-02,566.0399780273438,578.5,559.7000122070312,574.4600219726562,573.9281005859375,13518500
2026-04-06,577.6900024414062,582.7899780273438,572,573.02001953125,572.4894409179688,9515700
2026-04-07,572.47998046875,575.22998046875,564.760009765625,575.0499877929688,574.5175170898438,9580800
2026-04-08,606,629.9500122070312,591.8300170898438,612.4199829101562,611.8529052734375,32036600
2026-04-09,626.969970703125,637.5,623,628.3900146484375,627.8081665039062,19012900
2026-04-10,634.469970703125,638.5800170898438,624.3300170898438,629.8599853515625,629.2767333984375,13294800
2026-04-13,629.5,635,624.4000244140625,634.530029296875,633.9425048828125,9538900
2026-04-14,643.219970703125,666.260009765625,639.3699951171875,662.489990234375,661.8765258789062,17818000
2026-04-15,667,678.5,664.219970703125,671.5800170898438,670.9581909179688,14952600
2026-04-16,675.989990234375,677.5800170898438,667.75,676.8699951171875,676.2432250976562,9544800
2026-04-17,678.5999755859375,691.52001953125,675.1300048828125,688.5499877929688,687.9124145507812,16283500
2026-04-20,681.3599853515625,683.3800048828125,668,670.9099731445312,670.2887573242188,12534000
2026-04-21,671,676.2000122070312,667.3300170898438,668.8400268554688,668.220703125,8660100
2026-04-22,674.3599853515625,678.3800048828125,669.75,674.719970703125,674.09521484375,9215600
2026-04-23,663.7000122070312,669.5599975585938,653.0499877929688,659.1500244140625,658.5396728515625,11667000
2026-04-24,660.3200073242188,680.6699829101562,653.8400268554688,675.030029296875,674.4049682617188,13348300
2026-04-27,671,682.5,670.8400268554688,678.6199951171875,677.9916381835938,12805200
2026-04-28,674.239990234375,678.1799926757812,665.6300048828125,671.3400268554688,670.7183837890625,10606800
2026-04-29,668.9099731445312,674.25,663.8099975585938,669.1199951171875,668.5004272460938,18947500
2026-04-30,619.3200073242188,620.8499755859375,600,611.9099731445312,611.3433837890625,52765000
2026-05-01,614.6900024414062,618.8800048828125,606.1099853515625,608.75,608.1863403320312,21404000
2026-05-04,607.9400024414062,614,602.75,610.4099731445312,609.8447875976562,16203900
2026-05-05,613.3099975585938,614.3499755859375,600.3599853515625,604.9600219726562,604.3998413085938,17171300
2026-05-06,601.0499877929688,619.9500122070312,598.0999755859375,612.8800048828125,612.3125,19915500
2026-05-07,614.719970703125,624.97998046875,613.5399780273438,616.8099975585938,616.2388305664062,12307400
2026-05-08,615.2000122070312,616.77001953125,606.0599975585938,609.6300048828125,609.0654907226562,13557000
2026-05-11,604.5700073242188,604.9099731445312,598.0800170898438,598.8599853515625,598.3054809570312,15940600
2026-05-12,594.8200073242188,603.75,592.5999755859375,603,602.441650390625,11351600
2026-05-13,598.8300170898438,619.9000244140625,596.6599731445312,616.6300048828125,616.0590209960938,14634400
2026-05-14,616,623.72998046875,615,618.4299926757812,617.8573608398438,10651200
2026-05-15,613.989990234375,621.2000122070312,609.3099975585938,614.22998046875,613.6612548828125,13272600
2026-05-18,609.1099853515625,615.5900268554688,603.6900024414062,611.2100219726562,610.64404296875,13772400
2026-05-19,608.9199829101562,613.9299926757812,600.5499877929688,602.6099853515625,602.052001953125,11749900
2026-05-20,600.760009765625,608,597.8099975585938,605.0599975585938,604.499755859375,11329700
2026-05-21,600,609.5999755859375,594.8099975585938,607.3800048828125,606.8175659179688,13476100
2026-05-22,607.8800048828125,614.8099975585938,606.9500122070312,610.260009765625,609.6949462890625,11688600
2026-05-26,608.8900146484375,614.469970703125,605.2999877929688,612.3400268554688,611.7730102539062,12234200
2026-05-27,609.4000244140625,638.5,609,635.260009765625,634.6718139648438,23143600
2026-05-28,639.5,643,629.3099975585938,635.2899780273438,634.7017211914062,16772400
2026-05-29,633.5,634.5,623.3499755859375,632.510009765625,631.92431640625,19806500
2026-06-01,630.4000244140625,635.75,599.530029296875,600.469970703125,599.9139404296875,29138800
2026-06-02,603.239990234375,608.8800048828125,596.6799926757812,597.6300048828125,597.0765991210938,18252000
2026-06-03,603,624.1500244140625,600.27001953125,622.97998046875,622.4031372070312,23020100
2026-06-04,623.6699829101562,642.4000244140625,622.4299926757812,627.5700073242188,626.9888916015625,21469200
2026-06-05,623.4600219726562,629.1500244140625,582.9099731445312,593,592.450927734375,30091600
2026-06-08,592,592,579.219970703125,585.3900146484375,584.8479614257812,19512400
2026-06-09,591,597.6300048828125,581.010009765625,584.5900268554688,584.0487060546875,16977400
2026-06-10,580.72998046875,591.3200073242188,570.5999755859375,570.97998046875,570.4512939453125,17064000
2026-06-11,565.8300170898438,572.1699829101562,557.010009765625,568.4299926757812,567.9036254882812,17628000
2026-06-12,572.9500122070312,576.0700073242188,560.9000244140625,566.97998046875,566.4549560546875,14326400
2026-06-15,579.9000244140625,601.27001953125,579.2999877929688,593.47998046875,593.47998046875,17653300
2026-06-16,593.6500244140625,605.8099975585938,592,600.2100219726562,600.2100219726562,11344400
2026-06-17,592,593.8099975585938,566.1900024414062,567.5800170898438,567.5800170898438,20478300
2026-06-18,572.8200073242188,580.219970703125,563.0999755859375,577.219970703125,577.219970703125,28824600
2026-06-22,572.02001953125,575.8099975585938,559.8099975585938,563.8499755859375,563.8499755859375,15405500
2026-06-23,562.25,572.2000122070312,561.02001953125,562.2000122070312,562.2000122070312,13103300
2026-06-24,561.8900146484375,569.0399780273438,555.5499877929688,557.6699829101562,557.6699829101562,13963600
2026-06-25,555.5499877929688,556.3400268554688,540.1799926757812,542.8699951171875,542.8699951171875,16968600
2026-06-26,543.3400268554688,556.8499755859375,540.4000244140625,550.25,550.25,18867700
2026-06-29,560,570.9000244140625,558,562.5999755859375,562.5999755859375,15011400
2026-06-30,560.9400024414062,565.5399780273438,551.4299926757812,563.2899780273438,563.2899780273438,18111100
2026-07-01,607.9099731445312,628.280029296875,595.0999755859375,612.9099731445312,612.9099731445312,45536300
2026-07-02,607.9000244140625,610,580.4199829101562,582.9000244140625,582.9000244140625,21705900
2026-07-06,594.8400268554688,603.5800170898438,581.760009765625,600.2899780273438,600.2899780273438,17674100
2026-07-07,607.5900268554688,625.3699951171875,603.6599731445312,615.5800170898438,615.5800170898438,18560800
2026-07-08,614.3900146484375,616,598.010009765625,603.1199951171875,603.1199951171875,13606500
2026-07-09,583.989990234375,633.27001953125,577.0700073242188,631.47998046875,631.47998046875,26579700
2026-07-10,660.3400268554688,677.8599853515625,658.010009765625,669.2100219726562,669.2100219726562,40608900
