\set ON_ERROR_STOP on

begin;

do $$ begin
    if raw.canonical_timestamp('2026-04-01T00:00:00.123000Z')
       <> '2026-04-01T00:00:00.123000Z' then
        raise exception 'Postgres timestamp JSON differs from Pydantic JSON';
    end if;
    if raw.canonical_json('{"z":1,"A":2,"ä":3,"_":4}')
       <> '{"A":2,"_":4,"z":1,"\u00e4":3}' then
        raise exception 'Postgres key ordering or Unicode escaping differs from Python JSON';
    end if;
end $$;

-- These constants are generated by the Python immutable contracts. Successful
-- inserts therefore prove Python/Postgres canonical JSON and SHA-256 parity.
insert into raw.capture_campaigns (
    campaign_id, content_sha256, policy_id, environment, cutoff, universe_refs
) values (
    'capture-campaign:70ce3ee59a9026d15385946f4b0c798bcd49fd25b056c00dbf44d3d8ebbffee5',
    '1ab31dfddd59872f0bc9af7d4dda064ed3b16c0883b7935c4cdc75e13b0b0588',
    'capture-policy:d5-tiny:v1', 'github_ci', '2026-04-01T00:00:00Z',
    '[{"universe_id":"universe:topt-us-2026-03-31","universe_version":"topt-sql-contract-v1","content_sha256":"8888888888888888888888888888888888888888888888888888888888888888"}]'
);

insert into raw.capture_runs (
    run_id, campaign_id, run_sequence, schedule_policy_id, capture_scope_id, content_sha256
) values (
    'capture-run:2affe53c91561a46fb296c18b4819ad9d2fcec9d40922e40db00bb74f7f483a6',
    'capture-campaign:70ce3ee59a9026d15385946f4b0c798bcd49fd25b056c00dbf44d3d8ebbffee5',
    1, 'schedule-policy:aaaaaaaaaaaaaaaaaaaaaaaaaaaaaaaaaaaaaaaaaaaaaaaaaaaaaaaaaaaaaaaa',
    'capture-scope:aaaaaaaaaaaaaaaaaaaaaaaaaaaaaaaaaaaaaaaaaaaaaaaaaaaaaaaaaaaaaaaa',
    'df08d60d4d02d00dd264ecaa97a1c1881ab0b0e5a27c9a0f7278d986ee3f8557'
);

insert into raw.capture_list_versions (
    list_version_id, universe_id, universe_version, universe_sha256,
    effective_at, member_count, members, content_sha256
) values (
    'list-version:07c5571460a288c39fb2aa22ec9ec115f44e8f510f7bfae5b76001aadd141253',
    'universe:topt-us-2026-03-31', 'topt-sql-contract-v1', repeat('8', 64),
    '2026-04-01T00:00:00Z', 2,
    '[{"kind":"listing","id":"listing:xnas:goog"},{"kind":"listing","id":"listing:xnas:googl"}]',
    '07c5571460a288c39fb2aa22ec9ec115f44e8f510f7bfae5b76001aadd141253'
);

insert into raw.capture_list_version_members (
    list_version_id, member_ordinal, subject_kind, subject_id
) values
('list-version:07c5571460a288c39fb2aa22ec9ec115f44e8f510f7bfae5b76001aadd141253', 1, 'listing', 'listing:xnas:goog'),
('list-version:07c5571460a288c39fb2aa22ec9ec115f44e8f510f7bfae5b76001aadd141253', 2, 'listing', 'listing:xnas:googl');

insert into raw.capture_list_versions (
    list_version_id, universe_id, universe_version, universe_sha256,
    effective_at, member_count, members, content_sha256
) values (
    'list-version:0d312e5b25aa8a450ffefa2c039a1286a035093c3f9a7ef5dc4f47f31cd971a8',
    'universe:topt-us-2026-03-31', 'topt-sql-contract-v1', repeat('8', 64),
    '2026-04-01T00:00:00.123000Z', 1,
    '[{"kind":"listing","id":"listing:xnas:goog"}]',
    '0d312e5b25aa8a450ffefa2c039a1286a035093c3f9a7ef5dc4f47f31cd971a8'
);
insert into raw.capture_list_version_members (
    list_version_id, member_ordinal, subject_kind, subject_id
) values (
    'list-version:0d312e5b25aa8a450ffefa2c039a1286a035093c3f9a7ef5dc4f47f31cd971a8',
    1, 'listing', 'listing:xnas:goog'
);

insert into raw.capture_list_versions (
    list_version_id, universe_id, universe_version, universe_sha256,
    effective_at, effective_at_canonical, member_count, members, content_sha256
) values (
    'list-version:503cdf7ca54bc8f7873993cc1dd1ad6ce9105ade759640c041eb145130bff3ef',
    'universe:topt-us-2026-03-31', 'topt-sql-contract-v1', repeat('8', 64),
    '2026-04-01T08:00:00+08:00', '2026-04-01T08:00:00+08:00', 1,
    '[{"kind":"listing","id":"listing:xnas:goog"}]',
    '503cdf7ca54bc8f7873993cc1dd1ad6ce9105ade759640c041eb145130bff3ef'
);
insert into raw.capture_list_version_members (
    list_version_id, member_ordinal, subject_kind, subject_id
) values (
    'list-version:503cdf7ca54bc8f7873993cc1dd1ad6ce9105ade759640c041eb145130bff3ef',
    1, 'listing', 'listing:xnas:goog'
);

do $$ begin
    begin
        insert into raw.capture_list_versions (
            list_version_id, universe_id, universe_version, universe_sha256,
            effective_at, effective_at_canonical, member_count, members, content_sha256
        ) values (
            'list-version:aaaaaaaaaaaaaaaaaaaaaaaaaaaaaaaaaaaaaaaaaaaaaaaaaaaaaaaaaaaaaaaa',
            'universe:topt-us-2026-03-31', 'topt-sql-contract-v1', repeat('8', 64),
            '2026-04-01T08:00:00+08:00', '2026-04-01T08:00:00+07:00', 1,
            '[{"kind":"listing","id":"listing:xnas:goog"}]', repeat('a', 64)
        );
        raise exception 'tampered canonical timestamp unexpectedly succeeded';
    exception when check_violation then null;
    end;
end $$;

insert into raw.capture_campaign_list_versions (campaign_id, list_version_id) values (
    'capture-campaign:70ce3ee59a9026d15385946f4b0c798bcd49fd25b056c00dbf44d3d8ebbffee5',
    'list-version:07c5571460a288c39fb2aa22ec9ec115f44e8f510f7bfae5b76001aadd141253'
);

insert into raw.capture_obligations (
    obligation_id, campaign_id, run_id, list_version_id, subject_kind, subject_id,
    capture_requirement_id, partition_key, content_sha256
) values
(
    'capture-list-obligation:3970939515b9abea8e87e25bdbe7ea21f1ed3f50a0afd007005f94709fae7eac',
    'capture-campaign:70ce3ee59a9026d15385946f4b0c798bcd49fd25b056c00dbf44d3d8ebbffee5',
    'capture-run:2affe53c91561a46fb296c18b4819ad9d2fcec9d40922e40db00bb74f7f483a6',
    'list-version:07c5571460a288c39fb2aa22ec9ec115f44e8f510f7bfae5b76001aadd141253',
    'listing', 'listing:xnas:goog', 'market-price:v1', '2026-03-31',
    '3970939515b9abea8e87e25bdbe7ea21f1ed3f50a0afd007005f94709fae7eac'
),
(
    'capture-list-obligation:eea906db6112e2937848249cf0cf4c31aa9af7260d2046ee08a43dcd298b9d41',
    'capture-campaign:70ce3ee59a9026d15385946f4b0c798bcd49fd25b056c00dbf44d3d8ebbffee5',
    'capture-run:2affe53c91561a46fb296c18b4819ad9d2fcec9d40922e40db00bb74f7f483a6',
    'list-version:07c5571460a288c39fb2aa22ec9ec115f44e8f510f7bfae5b76001aadd141253',
    'listing', 'listing:xnas:googl', 'market-price:v1', '2026-03-31',
    'eea906db6112e2937848249cf0cf4c31aa9af7260d2046ee08a43dcd298b9d41'
);

insert into raw.capture_work_items (
    work_item_id, campaign_id, source_request_id, schedule_policy_id, maximum_attempts, content_sha256
) values (
    'capture-work-item:2c6e08d49a213d0570374e51ed84cdaa858fadee33389ecee12761a3da6a4aad',
    'capture-campaign:70ce3ee59a9026d15385946f4b0c798bcd49fd25b056c00dbf44d3d8ebbffee5',
    'source-request:9999999999999999999999999999999999999999999999999999999999999999',
    'schedule-policy:9999999999999999999999999999999999999999999999999999999999999999',
    3, 'd5ee684035882a98daacaaa45a96ebd29f9b708b4b76d42517c529e7228648e3'
);

do $$ begin
    begin
        insert into raw.capture_work_items (
            work_item_id, campaign_id, source_request_id, schedule_policy_id,
            maximum_attempts, content_sha256
        ) values (
            'capture-work-item:2c6e08d49a213d0570374e51ed84cdaa858fadee33389ecee12761a3da6a4aad',
            'capture-campaign:70ce3ee59a9026d15385946f4b0c798bcd49fd25b056c00dbf44d3d8ebbffee5',
            'source-request:9999999999999999999999999999999999999999999999999999999999999999',
            'schedule-policy:9999999999999999999999999999999999999999999999999999999999999999',
            4, '787bdb351d3d8c78aa4dafa4c07d0e1e40adc404b8a5cc5be431a1d91c4ab7bc'
        );
        raise exception 'same work identity with changed retry envelope unexpectedly succeeded';
    exception when unique_violation then null;
    end;
end $$;

do $$ begin
    begin
        insert into raw.capture_work_items (
            work_item_id, campaign_id, source_request_id, schedule_policy_id,
            maximum_attempts, content_sha256
        ) values (
            'capture-work-item:ddc047ae9337de06520b889a05a3b44113d6dfdf72dde9d1809df5e9689bfedb',
            'capture-campaign:70ce3ee59a9026d15385946f4b0c798bcd49fd25b056c00dbf44d3d8ebbffee5',
            'source-request:aaaaaaaaaaaaaaaaaaaaaaaaaaaaaaaaaaaaaaaaaaaaaaaaaaaaaaaaaaaaaaaa',
            'schedule-policy:aaaaaaaaaaaaaaaaaaaaaaaaaaaaaaaaaaaaaaaaaaaaaaaaaaaaaaaaaaaaaaaa',
            21, '72595541ef57b4158045e70efe4a2dbc7cdbc2ccc1aa97f2e8084824a7a3c5b0'
        );
        raise exception 'retry maximum above shared policy bound unexpectedly succeeded';
    exception when check_violation then null;
    end;
end $$;

insert into raw.capture_obligation_work_bindings (
    binding_id, obligation_id, work_item_id, content_sha256
) values (
    'obligation-work-binding:28e5d95907540d2163b3a066be1c6d3878cd3cce59a5b9a328e9252afb531e27',
    'capture-list-obligation:3970939515b9abea8e87e25bdbe7ea21f1ed3f50a0afd007005f94709fae7eac',
    'capture-work-item:2c6e08d49a213d0570374e51ed84cdaa858fadee33389ecee12761a3da6a4aad',
    'c854e7ff2957e3d8e5778f82bcda3391a9e25eca5e8e7cd7ac6276876489f8f7'
);

insert into raw.capture_campaigns (
    campaign_id, content_sha256, policy_id, environment, cutoff, universe_refs
) values (
    'capture-campaign:1e46ac6e844e76cfa49b0da1e55121885b90149cce3967d0aaa01d7576e242f0',
    'caccb5f9c2acd79b675fc6f6ee9b13ce9f6063830cc2ddc92985f5e0e1a2e300',
    'capture-policy:d5-cross-campaign-negative:v1', 'github_ci', '2026-04-01T00:00:00Z',
    '[{"universe_id":"universe:topt-us-2026-03-31","universe_version":"topt-sql-contract-v1","content_sha256":"8888888888888888888888888888888888888888888888888888888888888888"}]'
);
insert into raw.capture_runs (
    run_id, campaign_id, run_sequence, schedule_policy_id, capture_scope_id, content_sha256
) values (
    'capture-run:0a53a996e6824ca61739ee690adebd6cdbcbb074e1fbe0f65667e9fb1c3b9274',
    'capture-campaign:1e46ac6e844e76cfa49b0da1e55121885b90149cce3967d0aaa01d7576e242f0',
    1, 'schedule-policy:dddddddddddddddddddddddddddddddddddddddddddddddddddddddddddddddd',
    'capture-scope:dddddddddddddddddddddddddddddddddddddddddddddddddddddddddddddddd',
    '40bef2acd9fdf0a955f4c90a619afd9a7bc2601434cf0ed99626b371c74f3f3c'
);
insert into raw.capture_work_items (
    work_item_id, campaign_id, source_request_id, schedule_policy_id, maximum_attempts, content_sha256
) values (
    'capture-work-item:c9941e95ea943d8e0b3d8388552553fce0e09f2213b3af6a9fa8d9d3dc487cf3',
    'capture-campaign:1e46ac6e844e76cfa49b0da1e55121885b90149cce3967d0aaa01d7576e242f0',
    'source-request:dddddddddddddddddddddddddddddddddddddddddddddddddddddddddddddddd',
    'schedule-policy:dddddddddddddddddddddddddddddddddddddddddddddddddddddddddddddddd',
    1, '6030c631572a0fa6024b5df0d33dc9432776513bda625746a30246b4ceafcddf'
);

do $$ begin
    begin
        insert into raw.capture_obligations (
            obligation_id, campaign_id, run_id, list_version_id, subject_kind, subject_id,
            capture_requirement_id, partition_key, content_sha256
        ) values (
            'capture-list-obligation:e37ca70c93551415a597c958d86000387ff888602be4b951377d7b3635120eaf',
            'capture-campaign:1e46ac6e844e76cfa49b0da1e55121885b90149cce3967d0aaa01d7576e242f0',
            'capture-run:0a53a996e6824ca61739ee690adebd6cdbcbb074e1fbe0f65667e9fb1c3b9274',
            'list-version:07c5571460a288c39fb2aa22ec9ec115f44e8f510f7bfae5b76001aadd141253',
            'listing', 'listing:xnas:goog', 'market-price:v1', '2026-03-31',
            'e37ca70c93551415a597c958d86000387ff888602be4b951377d7b3635120eaf'
        );
        raise exception 'undeclared campaign list version unexpectedly succeeded';
    exception when foreign_key_violation then null;
    end;
end $$;

do $$ begin
    begin
        insert into raw.capture_obligation_work_bindings (
            binding_id, obligation_id, work_item_id, content_sha256
        ) values (
            'obligation-work-binding:10696431700926bd691b70493d54e462f6df6e507853f3c3628c8287b04264a8',
            'capture-list-obligation:3970939515b9abea8e87e25bdbe7ea21f1ed3f50a0afd007005f94709fae7eac',
            'capture-work-item:c9941e95ea943d8e0b3d8388552553fce0e09f2213b3af6a9fa8d9d3dc487cf3',
            'f388d58c17ddaf6ccc6b7c5fdee067d699edbbe9e5729dd593b42c7c19795f13'
        );
        raise exception 'cross-campaign binding unexpectedly succeeded';
    exception when raise_exception then
        if sqlerrm = 'cross-campaign binding unexpectedly succeeded' then raise; end if;
    end;
end $$;

-- Shape-correct but content-incorrect addresses must fail at the database boundary.
do $$ begin
    begin
        insert into raw.capture_campaigns (
            campaign_id, content_sha256, policy_id, environment, cutoff, universe_refs
        ) values (
            'capture-campaign:aaaaaaaaaaaaaaaaaaaaaaaaaaaaaaaaaaaaaaaaaaaaaaaaaaaaaaaaaaaaaaaa',
            repeat('a', 64), 'capture-policy:wrong:v1', 'github_ci', '2026-04-01T00:00:00Z',
            '[{"universe_id":"universe:topt-us-2026-03-31","universe_version":"topt-sql-contract-v1","content_sha256":"8888888888888888888888888888888888888888888888888888888888888888"}]'
        );
        raise exception 'mismatched campaign address unexpectedly succeeded';
    exception when check_violation then null;
    end;
end $$;

do $$ begin
    begin
        insert into raw.capture_list_versions (
            list_version_id, universe_id, universe_version, universe_sha256,
            effective_at, member_count, members, content_sha256
        ) values (
            'list-version:aaaaaaaaaaaaaaaaaaaaaaaaaaaaaaaaaaaaaaaaaaaaaaaaaaaaaaaaaaaaaaaa',
            'universe:topt-us-2026-03-31', 'topt-sql-contract-v1', repeat('8', 64),
            '2026-04-01T00:00:00Z', 2,
            '[{"kind":"listing","id":"listing:xnas:googl"},{"kind":"listing","id":"listing:xnas:goog"}]',
            repeat('a', 64)
        );
        raise exception 'noncanonical member order unexpectedly succeeded';
    exception when check_violation then null;
    end;
end $$;

do $$ begin
    begin
        insert into raw.capture_obligations (
            obligation_id, campaign_id, run_id, list_version_id, subject_kind, subject_id,
            capture_requirement_id, partition_key, content_sha256
        ) values (
            'capture-list-obligation:aaaaaaaaaaaaaaaaaaaaaaaaaaaaaaaaaaaaaaaaaaaaaaaaaaaaaaaaaaaaaaaa',
            'capture-campaign:70ce3ee59a9026d15385946f4b0c798bcd49fd25b056c00dbf44d3d8ebbffee5',
            'capture-run:2affe53c91561a46fb296c18b4819ad9d2fcec9d40922e40db00bb74f7f483a6',
            'list-version:07c5571460a288c39fb2aa22ec9ec115f44e8f510f7bfae5b76001aadd141253',
            'listing', 'listing:xnas:goog', 'market-price:v1', '2026-03-30', repeat('a', 64)
        );
        raise exception 'mismatched obligation address unexpectedly succeeded';
    exception when check_violation then null;
    end;
end $$;

-- Attempt identity excludes dispatch time while content includes it, matching Python.
insert into raw.capture_attempts (
    attempt_id, work_item_id, attempt_number, started_at, content_sha256
) values (
    'fetch-attempt:df166738a7cb93ff784d9640cda0438aafa61d711eb3a4b7bc790e3bba00ff13',
    'capture-work-item:2c6e08d49a213d0570374e51ed84cdaa858fadee33389ecee12761a3da6a4aad',
    1, '2026-04-01T00:01:00Z', '2ac4f30fb41d2e76608cac846a50dd6447e72d88a55d51e2510e778c23194c7e'
);
insert into raw.capture_attempt_results (
    attempt_result_id, attempt_id, completed_at, outcome, reason_codes, content_sha256
) values (
    'fetch-attempt-result:2dddb7c76a0c4c49af1112cd510ac9f649e4a508c087b000c76d0d5c2ac935ee',
    'fetch-attempt:df166738a7cb93ff784d9640cda0438aafa61d711eb3a4b7bc790e3bba00ff13',
    '2026-04-01T00:01:01Z', 'interrupted', array['retry'],
    'b0a0fb161abd9665487b9ce5fe052e909cfb20514cfdf22a90ef0c5cb24f130d'
);

do $$ begin
    begin
        insert into raw.capture_attempts (
            attempt_id, work_item_id, attempt_number, started_at, content_sha256
        ) values (
            'fetch-attempt:cdb5883072f178863a87dd6744c52148706ebf2c2d7d14d856d123740937fe23',
            'capture-work-item:2c6e08d49a213d0570374e51ed84cdaa858fadee33389ecee12761a3da6a4aad',
            2, '2026-04-01T00:01:00Z', repeat('a', 64)
        );
        raise exception 'backdated retry unexpectedly succeeded';
    exception when raise_exception then
        if sqlerrm = 'backdated retry unexpectedly succeeded' then raise; end if;
    end;
end $$;

do $$ begin
    begin
        insert into raw.capture_attempts (
            attempt_id, work_item_id, attempt_number, started_at, content_sha256
        ) values (
            'fetch-attempt:cdb5883072f178863a87dd6744c52148706ebf2c2d7d14d856d123740937fe23',
            'capture-work-item:2c6e08d49a213d0570374e51ed84cdaa858fadee33389ecee12761a3da6a4aad',
            2, '2026-04-01T00:01:02Z', repeat('a', 64)
        );
        raise exception 'mismatched attempt content unexpectedly succeeded';
    exception when check_violation then null;
    end;
end $$;

insert into raw.capture_attempts (
    attempt_id, work_item_id, attempt_number, started_at, content_sha256
) values (
    'fetch-attempt:cdb5883072f178863a87dd6744c52148706ebf2c2d7d14d856d123740937fe23',
    'capture-work-item:2c6e08d49a213d0570374e51ed84cdaa858fadee33389ecee12761a3da6a4aad',
    2, '2026-04-01T00:01:02Z', '7cb8955caad6a865ad4278ce4fea35da84345c5e3daad3fa79abcbd0698c6a4b'
);

do $$ begin
    begin
        insert into raw.capture_attempt_results (
            attempt_result_id, attempt_id, completed_at, outcome, reason_codes, content_sha256
        ) values (
            'fetch-attempt-result:aaaaaaaaaaaaaaaaaaaaaaaaaaaaaaaaaaaaaaaaaaaaaaaaaaaaaaaaaaaaaaaa',
            'fetch-attempt:cdb5883072f178863a87dd6744c52148706ebf2c2d7d14d856d123740937fe23',
            '2026-04-01T00:01:03Z', 'rate_limited', array['retry'], repeat('a', 64)
        );
        raise exception 'mismatched attempt result unexpectedly succeeded';
    exception when check_violation then null;
    end;
end $$;

insert into raw.capture_attempt_results (
    attempt_result_id, attempt_id, completed_at, outcome, reason_codes, content_sha256
) values (
    'fetch-attempt-result:adca14280e5bcb9626a3d653fceeb3fd0c9accf5de0aad4d488178a5dc58d380',
    'fetch-attempt:cdb5883072f178863a87dd6744c52148706ebf2c2d7d14d856d123740937fe23',
    '2026-04-01T00:01:03Z', 'rate_limited', array['retry'],
    '856372587fd96f0be6a49c65c78b6999e0a1f3862acfdea623d4470a0489f329'
);

insert into raw.capture_attempts (
    attempt_id, work_item_id, attempt_number, started_at, content_sha256
) values (
    'fetch-attempt:d3e59400db48f814647bb3a4c48ab2eb297f73ad0162af091d02c12ad6045d2a',
    'capture-work-item:2c6e08d49a213d0570374e51ed84cdaa858fadee33389ecee12761a3da6a4aad',
    3, '2026-04-01T00:01:04Z', '04f4210b35ccd6c07b3a011a3c8918415ed52d8950bc42fcd62893cc45c67f03'
);
insert into raw.capture_attempt_results (
    attempt_result_id, attempt_id, completed_at, outcome, status_code, reason_codes, content_sha256
) values (
    'fetch-attempt-result:b1fa0a61def1bf7436d8d36b2456e9085536ea1b0ebe35123f12485a13387be2',
    'fetch-attempt:d3e59400db48f814647bb3a4c48ab2eb297f73ad0162af091d02c12ad6045d2a',
    '2026-04-01T00:01:05Z', 'failed', 503, array['fixture_failure'],
    '0389bc6b0cff20cd84d9c39471d0b442b1e8aa73819322a7ff66ef5936cc42f4'
);

do $$ begin
    begin
        insert into raw.capture_attempts (
            attempt_id, work_item_id, attempt_number, started_at, content_sha256
        ) values (
            'fetch-attempt:aaaaaaaaaaaaaaaaaaaaaaaaaaaaaaaaaaaaaaaaaaaaaaaaaaaaaaaaaaaaaaaa',
            'capture-work-item:2c6e08d49a213d0570374e51ed84cdaa858fadee33389ecee12761a3da6a4aad',
            4, '2026-04-01T00:01:06Z', repeat('a', 64)
        );
        raise exception 'attempt above maximum unexpectedly succeeded';
    exception when raise_exception then
        if sqlerrm = 'attempt above maximum unexpectedly succeeded' then raise; end if;
    end;
end $$;

insert into raw.capture_checkpoints (
    checkpoint_id, run_id, sequence, phase, completed_obligation_ids, recorded_at, content_sha256
) values (
    'capture-checkpoint:e97c50e3bf069ba0f124e3c20acdf55a527067c3683e96a7c1d90d0c86c94ced',
    'capture-run:2affe53c91561a46fb296c18b4819ad9d2fcec9d40922e40db00bb74f7f483a6',
    1, 'raw_landed', array['capture-list-obligation:3970939515b9abea8e87e25bdbe7ea21f1ed3f50a0afd007005f94709fae7eac'],
    '2026-04-01T00:02:00Z', '08e2b19b84e71bc34e040a43f966cbb583526b8289d12d388f5eb2fc8c8304e8'
);

do $$ begin
    begin
        insert into raw.capture_checkpoints (
            checkpoint_id, run_id, sequence, phase, completed_obligation_ids, recorded_at, content_sha256
        ) values (
            'capture-checkpoint:556a3b383524b700828df90edf16ef60c686f6f106ee4019d1a5600ecbbacc20',
            'capture-run:2affe53c91561a46fb296c18b4819ad9d2fcec9d40922e40db00bb74f7f483a6',
            2, 'normalized', array['capture-list-obligation:3970939515b9abea8e87e25bdbe7ea21f1ed3f50a0afd007005f94709fae7eac'],
            '2026-04-01T00:01:59Z', '8c98833d9739c49e2b139c15586a2aabab6750a9a4564b145ac150f98cac1c4d'
        );
        raise exception 'backdated checkpoint unexpectedly succeeded';
    exception when raise_exception then
        if sqlerrm = 'backdated checkpoint unexpectedly succeeded' then raise; end if;
    end;
end $$;

do $$ begin
    begin
        insert into raw.capture_checkpoints (
            checkpoint_id, run_id, sequence, phase, completed_obligation_ids, recorded_at, content_sha256
        ) values (
            'capture-checkpoint:556a3b383524b700828df90edf16ef60c686f6f106ee4019d1a5600ecbbacc20',
            'capture-run:2affe53c91561a46fb296c18b4819ad9d2fcec9d40922e40db00bb74f7f483a6',
            2, 'normalized', array['capture-list-obligation:3970939515b9abea8e87e25bdbe7ea21f1ed3f50a0afd007005f94709fae7eac'],
            '2026-04-01T00:02:01Z', repeat('a', 64)
        );
        raise exception 'mismatched checkpoint content unexpectedly succeeded';
    exception when check_violation then null;
    end;
end $$;

insert into raw.recapture_plans (
    plan_id, selection_cutoff, predicate_sha256, predicate, selected_obligation_ids,
    planner_version, content_sha256
) values (
    'recapture-plan:99ce8494b7a3141b736d902f7f438d65abfd4df1842068169246e139822d9786',
    '2026-04-01T00:00:00Z', 'e9b4ef4e0bb955680ae03cfe54d59a6cc757f0f6367162a870589d20d86c6c21',
    '{"instrument_ids":["listing:xnas:goog"]}',
    array['capture-list-obligation:3970939515b9abea8e87e25bdbe7ea21f1ed3f50a0afd007005f94709fae7eac'],
    'capture-planner:v1', 'b3c3e38569ef40f85bc8923d81ae09bfc9654e9285fb70f46ec5d84e76736c39'
);

do $$ begin
    begin
        insert into raw.recapture_plans (
            plan_id, selection_cutoff, predicate_sha256, predicate, selected_obligation_ids,
            planner_version, content_sha256
        ) values (
            'recapture-plan:aaaaaaaaaaaaaaaaaaaaaaaaaaaaaaaaaaaaaaaaaaaaaaaaaaaaaaaaaaaaaaaa',
            '2026-04-01T00:00:00Z', repeat('a', 64), '{"instrument_ids":["listing:xnas:goog"]}',
            array['capture-list-obligation:3970939515b9abea8e87e25bdbe7ea21f1ed3f50a0afd007005f94709fae7eac'],
            'capture-planner:v1', repeat('a', 64)
        );
        raise exception 'mismatched recapture predicate unexpectedly succeeded';
    exception when check_violation then null;
    end;
end $$;

do $$ begin
    begin
        update raw.capture_obligations set subject_id = 'listing:xnas:collapsed';
        raise exception 'append-only update unexpectedly succeeded';
    exception when raise_exception then
        if sqlerrm = 'append-only update unexpectedly succeeded' then raise; end if;
    end;
end $$;

do $$ declare obligation_count integer; begin
    select count(*) into obligation_count from raw.capture_obligations;
    if obligation_count <> 2 then
        raise exception 'GOOG and GOOGL obligation identities collapsed';
    end if;
end $$;

rollback;
